Student_ID,Age,Gender,Location,High_School_Type,Socio_Economic_Status,GPA,Interest_in_Technology,Preferred_Learning_Style,Career_Aspiration,Parental_Influence,Peer_Influence,Program_Awareness,Additional_Cost_Concerns,Facilities_Availability,Chosen_Program
A18-00033,18,Female,Rural,Private,Middle,3.7,5,Theoretical,Data Analyst,High,Low,1,Low,6,BS IS
A18-00034,16,Female,Rural,Public,Low,3.81,3,Practical,Software Developer,High,Moderate,8,Low,3,BS IT
A18-00035,16,Other,Urban,Public,High,3.8,6,Theoretical,System Analyst,Low,High,7,High,2,BS IT
A18-00036,19,Male,Rural,Private,Low,2.56,10,Practical,Data Analyst,Low,High,6,Moderate,7,BS IS
A18-00037,20,Other,Rural,Public,Low,3.61,2,Practical,IT Support,Moderate,Low,7,Low,6,BS IS
A18-00038,20,Other,Urban,Private,High,3.42,7,Theoretical,IT Support,High,Moderate,6,High,4,BS IT
A18-00039,18,Female,Rural,Private,High,2.25,4,Theoretical,Software Developer,Low,Low,3,Moderate,6,BS IS
A18-00040,20,Other,Urban,Private,Low,3.48,3,Theoretical,System Analyst,High,High,5,High,8,BS IS
A18-00041,16,Female,Rural,Public,Middle,3.48,7,Theoretical,Data Analyst,Moderate,Moderate,8,High,1,BS IT
A18-00042,20,Other,Urban,Public,High,2.67,9,Theoretical,Software Developer,Low,Low,5,Moderate,8,BS IT
A18-00043,17,Other,Rural,Private,Low,3.14,6,Theoretical,Software Developer,High,Low,7,High,8,BS IS
A18-00044,19,Other,Urban,Private,Low,3.21,8,Theoretical,Data Analyst,High,High,9,Moderate,2,BS IT
A18-00045,16,Female,Rural,Public,Middle,2.68,1,Practical,System Analyst,Low,Low,1,Low,9,BS IS
A18-00046,19,Female,Urban,Public,Middle,3.4,4,Practical,Software Developer,Moderate,Moderate,10,Low,4,BS IT
A18-00047,19,Female,Urban,Private,High,3.65,4,Theoretical,Software Developer,High,Low,8,Moderate,7,BS IT
A18-00048,20,Male,Rural,Public,High,3.23,5,Practical,IT Support,Low,Moderate,9,Low,1,BS IT
A18-00049,19,Male,Urban,Public,High,3.81,3,Practical,System Analyst,Low,Moderate,5,Low,3,BS IS
A18-00050,18,Other,Rural,Private,Low,2.96,7,Theoretical,Software Developer,Moderate,Moderate,10,Moderate,7,BS IS
A18-00051,19,Female,Urban,Public,Low,3.76,10,Theoretical,System Analyst,High,Low,8,High,8,BS IS
A18-00052,19,Other,Rural,Public,Low,2.69,10,Theoretical,Software Developer,Moderate,High,1,High,3,BS IT
A18-00053,16,Male,Urban,Private,Middle,3.78,3,Practical,Data Analyst,Moderate,Low,4,High,9,BS IS
A18-00054,19,Other,Urban,Public,High,2.14,1,Theoretical,IT Support,Moderate,High,1,High,6,BS IS
A18-00055,17,Male,Rural,Private,Middle,3.64,1,Theoretical,Software Developer,Moderate,Low,6,Moderate,10,BS IT
A18-00056,20,Male,Rural,Public,High,3.56,9,Practical,Data Analyst,High,Low,7,High,7,BS IT
A18-00057,18,Other,Rural,Public,High,2.56,8,Theoretical,Software Developer,Low,High,2,Low,3,BS IT
A18-00058,17,Male,Rural,Private,High,2.97,8,Theoretical,Software Developer,Low,Low,6,High,5,BS IS
A18-00059,20,Other,Urban,Private,High,2.42,2,Theoretical,Software Developer,Low,Moderate,6,High,3,BS IS
A18-00060,19,Male,Rural,Public,Low,2.61,9,Practical,Data Analyst,Low,High,3,Low,4,BS IS
A18-00061,18,Female,Urban,Public,High,3.52,4,Theoretical,Data Analyst,Moderate,Low,9,Moderate,6,BS IS
A18-00062,20,Male,Urban,Private,Low,3.48,10,Practical,Software Developer,Low,Moderate,1,Moderate,6,BS IS
A18-00063,19,Female,Urban,Public,Low,2.82,7,Theoretical,System Analyst,Low,Moderate,10,Low,10,BS IS
A18-00064,18,Other,Urban,Private,High,2.89,8,Practical,Software Developer,Low,High,10,High,1,BS IT
A18-00065,17,Other,Rural,Private,Low,3.08,7,Practical,Data Analyst,Low,Low,3,High,5,BS IT
A18-00066,19,Other,Rural,Private,High,3.36,5,Theoretical,Software Developer,High,Moderate,10,Low,6,BS IS
A18-00067,17,Other,Urban,Private,Low,2.46,6,Theoretical,Data Analyst,High,Moderate,4,High,7,BS IT
A18-00068,16,Male,Urban,Public,Middle,2.37,3,Theoretical,System Analyst,Moderate,Moderate,4,Moderate,5,BS IT
A18-00069,17,Female,Rural,Private,Low,2.59,8,Practical,Data Analyst,High,Low,6,High,4,BS IS
A18-00070,19,Female,Rural,Private,High,2.48,6,Theoretical,IT Support,Low,Moderate,2,Moderate,6,BS IT
A18-00071,20,Male,Rural,Public,High,2.91,1,Practical,System Analyst,High,Low,9,Low,3,BS IT
A18-00072,19,Other,Urban,Public,Middle,2.73,8,Practical,Software Developer,Low,Low,7,Moderate,1,BS IT
A18-00073,16,Male,Rural,Public,High,3.25,6,Practical,IT Support,High,High,10,Moderate,6,BS IS
A18-00074,19,Other,Urban,Private,Middle,2.94,2,Theoretical,Data Analyst,Low,Moderate,4,Low,8,BS IS
A18-00075,19,Female,Urban,Private,Middle,2.89,8,Practical,Software Developer,Low,Low,8,Low,8,BS IS
A18-00076,19,Female,Urban,Private,Middle,2.6,5,Theoretical,IT Support,Moderate,Moderate,7,Moderate,1,BS IT
A18-00077,20,Female,Urban,Public,Middle,2.49,6,Practical,System Analyst,Moderate,High,9,Moderate,5,BS IT
A18-00078,18,Male,Urban,Private,High,2.23,5,Practical,Data Analyst,High,High,4,High,7,BS IS
A18-00079,20,Other,Rural,Private,High,3.48,2,Practical,Software Developer,High,High,2,Moderate,5,BS IT
A18-00080,19,Other,Rural,Private,High,2.65,8,Practical,IT Support,Moderate,High,7,Moderate,3,BS IS
A18-00081,19,Male,Urban,Public,Low,3.48,8,Theoretical,IT Support,Low,Moderate,2,Low,1,BS IT
A18-00082,17,Other,Rural,Public,Low,3.65,7,Theoretical,Software Developer,High,Moderate,3,Moderate,1,BS IT
A18-00083,18,Male,Urban,Private,High,3.55,8,Practical,Data Analyst,Low,Low,7,Low,2,BS IT
A18-00084,19,Other,Rural,Private,Middle,2.7,8,Practical,Software Developer,Moderate,Low,1,High,8,BS IT
A18-00085,18,Male,Urban,Private,High,3.77,7,Practical,Software Developer,High,High,4,High,5,BS IT
A18-00086,17,Female,Urban,Public,High,3.69,10,Theoretical,IT Support,Moderate,Moderate,4,High,7,BS IS
A18-00087,19,Other,Rural,Private,Middle,3.89,5,Theoretical,Data Analyst,High,High,7,Moderate,6,BS IS
A18-00088,18,Female,Urban,Private,Low,2.83,6,Theoretical,Software Developer,Moderate,Moderate,7,Moderate,6,BS IS
A18-00089,16,Other,Urban,Public,High,2.1,5,Theoretical,System Analyst,High,High,2,Low,6,BS IT
A18-00090,17,Other,Urban,Public,Low,3.37,10,Practical,Data Analyst,Low,High,2,Moderate,7,BS IS
A18-00091,18,Female,Rural,Public,Middle,3.98,7,Theoretical,Software Developer,Moderate,High,6,Moderate,9,BS IT
A18-00092,17,Female,Rural,Private,High,3.75,10,Theoretical,Software Developer,Moderate,Moderate,5,Moderate,2,BS IT
A18-00093,17,Female,Rural,Private,High,3.88,5,Theoretical,IT Support,High,Moderate,3,Moderate,7,BS IS
A18-00094,19,Other,Rural,Private,High,2.33,3,Theoretical,Data Analyst,Moderate,Low,8,High,4,BS IT
A18-00095,16,Female,Urban,Private,Middle,2.09,3,Theoretical,Software Developer,High,High,4,High,9,BS IT
A18-00096,16,Female,Urban,Public,Low,2.06,1,Practical,Data Analyst,Moderate,Moderate,7,Moderate,5,BS IS
A18-00097,17,Female,Rural,Private,Low,3.59,1,Practical,IT Support,Low,High,4,Moderate,3,BS IT
A18-00098,20,Other,Rural,Public,Low,2.15,10,Practical,IT Support,High,Low,4,High,5,BS IT
A18-00099,17,Male,Urban,Public,Low,3.25,7,Practical,IT Support,High,Moderate,4,Low,9,BS IS
A18-00100,19,Female,Urban,Private,High,3.45,8,Practical,System Analyst,Moderate,High,8,High,1,BS IS
A18-00101,16,Female,Rural,Public,Middle,3.34,10,Theoretical,Data Analyst,High,Moderate,1,Low,1,BS IS
A18-00102,17,Female,Urban,Public,High,3.91,8,Theoretical,IT Support,Low,Low,10,Low,5,BS IT
A18-00103,18,Female,Urban,Private,Middle,3.53,6,Practical,Data Analyst,Moderate,Moderate,8,High,9,BS IS
A18-00104,19,Female,Rural,Private,High,3.96,10,Practical,Software Developer,High,High,8,Low,4,BS IS
A18-00105,16,Female,Rural,Public,High,2.3,1,Theoretical,Data Analyst,Moderate,High,10,Low,1,BS IS
A18-00106,19,Other,Urban,Public,Low,3.68,1,Practical,IT Support,High,Moderate,5,Low,3,BS IS
A18-00107,19,Female,Urban,Private,Low,2.46,7,Theoretical,IT Support,Moderate,Low,8,Low,7,BS IS
A18-00108,17,Other,Urban,Public,Middle,3.08,8,Theoretical,Data Analyst,Moderate,High,3,Low,6,BS IT
A18-00109,16,Female,Rural,Public,Low,2.96,2,Practical,IT Support,High,High,3,Low,3,BS IT
A18-00110,17,Male,Rural,Public,Middle,2.79,4,Practical,Data Analyst,High,High,3,Moderate,2,BS IS
A18-00111,17,Male,Rural,Public,Low,3.99,9,Practical,System Analyst,Moderate,High,1,High,9,BS IT
A18-00112,19,Other,Rural,Public,Middle,3.55,9,Practical,Software Developer,High,High,4,Low,10,BS IT
A18-00113,17,Male,Urban,Private,Low,3.18,3,Practical,Data Analyst,Moderate,Low,4,Low,5,BS IT
A18-00114,20,Female,Urban,Public,High,3.27,7,Practical,Data Analyst,High,High,3,Low,4,BS IT
A18-00115,18,Male,Rural,Private,Middle,2.9,4,Practical,IT Support,Low,Low,2,High,2,BS IS
A18-00116,19,Female,Urban,Public,Middle,3.6,8,Theoretical,Software Developer,High,High,1,Moderate,1,BS IT
A18-00117,17,Male,Rural,Private,Low,2.07,10,Theoretical,Software Developer,High,High,7,Low,7,BS IT
A18-00118,20,Male,Rural,Private,Middle,3.06,3,Theoretical,System Analyst,Moderate,Moderate,10,Low,5,BS IS
A18-00119,18,Female,Urban,Public,High,3.79,9,Practical,System Analyst,Low,Moderate,4,Low,2,BS IS
A18-00120,16,Female,Rural,Public,High,3.15,9,Practical,System Analyst,Moderate,Moderate,2,Low,9,BS IS
A18-00121,17,Male,Rural,Private,High,2.15,4,Practical,Software Developer,High,Low,7,Low,6,BS IS
A18-00122,17,Other,Urban,Private,High,3.36,8,Practical,IT Support,Low,Low,7,Moderate,2,BS IS
A18-00123,16,Other,Rural,Public,Middle,3.55,10,Practical,Data Analyst,High,Low,2,High,9,BS IS
A18-00124,18,Other,Rural,Public,High,2.16,5,Theoretical,Software Developer,Low,High,9,Moderate,2,BS IT
A18-00125,20,Female,Rural,Public,Middle,3.04,6,Practical,System Analyst,Moderate,Low,5,Low,8,BS IT
A18-00126,19,Male,Rural,Private,Middle,3.91,1,Theoretical,Software Developer,Moderate,Low,6,Moderate,8,BS IS
A18-00127,20,Female,Rural,Private,High,3.84,5,Practical,Data Analyst,Low,Moderate,4,Moderate,4,BS IS
A18-00128,20,Other,Urban,Public,High,2.71,10,Practical,Software Developer,Moderate,Low,7,Low,2,BS IT
A18-00129,17,Other,Rural,Public,Low,3.51,1,Practical,Software Developer,Moderate,High,3,Moderate,4,BS IT
A18-00130,17,Female,Urban,Public,Middle,3.68,10,Practical,Software Developer,Moderate,Moderate,8,Low,1,BS IT
A18-00131,18,Female,Urban,Private,Low,2.13,6,Theoretical,System Analyst,Low,High,1,Moderate,2,BS IS
A18-00132,17,Female,Urban,Private,Middle,3.19,5,Practical,Software Developer,High,High,2,Moderate,10,BS IT
A18-00133,17,Female,Urban,Public,Low,2.41,1,Practical,Data Analyst,High,Moderate,9,Low,8,BS IT
A18-00134,18,Other,Urban,Public,High,3.95,4,Practical,System Analyst,Low,Low,2,Low,10,BS IT
A18-00135,20,Female,Urban,Public,High,2.15,5,Practical,IT Support,Low,High,1,High,10,BS IS
A18-00136,18,Female,Urban,Private,High,2.59,10,Practical,IT Support,Low,High,1,Low,6,BS IT
A18-00137,17,Female,Urban,Public,High,3.21,6,Practical,System Analyst,Moderate,Moderate,10,High,9,BS IT
A18-00138,16,Female,Rural,Public,Middle,3.44,5,Practical,Data Analyst,Moderate,High,5,Low,6,BS IS
A18-00139,17,Other,Rural,Private,Low,3.26,4,Theoretical,IT Support,High,Low,9,High,3,BS IT
A18-00140,18,Male,Rural,Public,Middle,3.6,5,Theoretical,System Analyst,Low,High,1,Moderate,1,BS IT
A18-00141,16,Male,Urban,Public,Low,3.87,9,Practical,System Analyst,High,High,9,High,5,BS IS
A18-00142,17,Female,Urban,Private,Low,3.42,10,Theoretical,Data Analyst,Moderate,Moderate,7,Low,5,BS IS
A18-00143,20,Male,Rural,Private,Low,3.96,3,Practical,Software Developer,Low,Low,1,Low,2,BS IS
A18-00144,19,Female,Urban,Private,High,3.83,1,Practical,Software Developer,Low,Moderate,5,High,9,BS IS
A18-00145,17,Other,Rural,Public,Middle,2.38,7,Theoretical,Data Analyst,Moderate,Low,1,Low,6,BS IS
A18-00146,18,Female,Urban,Public,Low,3.63,2,Practical,System Analyst,Moderate,Moderate,5,Low,1,BS IT
A18-00147,16,Female,Urban,Private,Low,2.66,3,Theoretical,Data Analyst,High,High,3,Moderate,9,BS IT
A18-00148,20,Other,Urban,Public,High,3.57,6,Theoretical,Software Developer,High,Low,6,High,8,BS IS
A18-00149,20,Male,Rural,Public,Middle,3.87,4,Theoretical,Data Analyst,Moderate,Moderate,8,Low,9,BS IS
A18-00150,17,Other,Urban,Private,Middle,3.97,10,Theoretical,IT Support,Moderate,Moderate,4,High,5,BS IS
A18-00151,17,Other,Urban,Public,High,2.85,6,Theoretical,IT Support,Moderate,Low,6,Low,6,BS IT
A18-00152,18,Female,Urban,Private,High,2.04,4,Practical,Data Analyst,Moderate,Moderate,5,Low,8,BS IS
A18-00153,18,Male,Urban,Public,Low,2.7,2,Practical,IT Support,Low,Moderate,5,Low,7,BS IS
A18-00154,18,Male,Rural,Private,High,3.19,2,Practical,System Analyst,Low,Moderate,8,Moderate,4,BS IS
A18-00155,19,Male,Urban,Public,Low,2.62,10,Practical,Data Analyst,Moderate,Low,4,High,4,BS IT
A18-00156,20,Other,Urban,Private,Low,3.69,3,Theoretical,System Analyst,Moderate,Low,9,Moderate,10,BS IT
A18-00157,20,Other,Rural,Public,Middle,3.11,4,Practical,System Analyst,Moderate,High,6,Low,7,BS IS
A18-00158,18,Male,Urban,Public,Middle,2.82,8,Theoretical,Software Developer,Moderate,Low,10,High,4,BS IT
A18-00159,17,Male,Rural,Public,Low,2.04,9,Theoretical,Software Developer,High,Moderate,2,High,2,BS IS
A18-00160,20,Female,Rural,Public,High,2.87,6,Theoretical,Data Analyst,Low,High,4,High,3,BS IT
A18-00161,18,Female,Urban,Public,Low,2.28,2,Theoretical,System Analyst,Moderate,High,6,High,6,BS IT
A18-00162,20,Female,Rural,Private,High,2,4,Theoretical,Software Developer,High,Low,2,Moderate,10,BS IS
A18-00163,20,Other,Urban,Public,Low,3.96,8,Practical,System Analyst,High,High,5,Moderate,8,BS IT
A18-00164,17,Male,Urban,Public,High,2.93,7,Practical,System Analyst,Moderate,High,7,Low,3,BS IS
A18-00165,18,Male,Urban,Public,Low,2.2,5,Theoretical,IT Support,Moderate,High,5,High,1,BS IS
A18-00166,17,Female,Rural,Public,Low,3.03,2,Theoretical,IT Support,Low,Moderate,5,Moderate,7,BS IS
A18-00167,17,Male,Urban,Public,Middle,2.1,8,Practical,IT Support,Moderate,Moderate,8,Moderate,4,BS IS
A18-00168,20,Male,Rural,Private,High,3.89,9,Practical,Software Developer,High,Low,7,High,7,BS IT
A18-00169,17,Male,Rural,Public,Middle,2.47,9,Practical,Data Analyst,Moderate,High,8,High,9,BS IS
A18-00170,17,Other,Rural,Public,Low,2.51,10,Practical,Data Analyst,High,Low,10,Low,5,BS IS
A18-00171,16,Other,Rural,Private,High,2.76,4,Theoretical,Data Analyst,Moderate,Moderate,6,High,7,BS IS
A18-00172,17,Other,Rural,Private,Middle,2.21,1,Practical,Software Developer,High,Low,4,Moderate,6,BS IT
A18-00173,16,Male,Rural,Public,Middle,3.78,3,Practical,IT Support,Moderate,High,7,High,3,BS IS
A18-00174,20,Other,Urban,Public,Low,3.52,1,Practical,Data Analyst,Low,High,7,Low,3,BS IT
A18-00175,19,Male,Urban,Private,Middle,3.49,5,Practical,System Analyst,High,High,5,Moderate,5,BS IS
A18-00176,16,Male,Urban,Private,High,2.98,9,Theoretical,Data Analyst,Low,Low,8,High,7,BS IS
A18-00177,20,Male,Rural,Private,High,3.65,5,Theoretical,System Analyst,High,Moderate,7,Moderate,4,BS IT
A18-00178,19,Other,Rural,Private,Low,2.42,3,Theoretical,IT Support,Low,Moderate,9,High,10,BS IS
A18-00179,19,Female,Urban,Public,Low,2.52,8,Theoretical,System Analyst,Moderate,High,6,High,3,BS IT
A18-00180,20,Male,Rural,Private,Middle,2.89,1,Practical,System Analyst,Moderate,Moderate,3,Low,3,BS IS
A18-00181,17,Other,Rural,Private,Middle,3.04,6,Theoretical,System Analyst,High,Moderate,6,High,4,BS IS
A18-00182,16,Female,Rural,Public,High,2.29,6,Theoretical,Software Developer,Low,Moderate,3,High,5,BS IT
A18-00183,19,Other,Urban,Private,Low,3.99,1,Theoretical,System Analyst,High,Moderate,4,Low,5,BS IS
A18-00184,16,Female,Rural,Private,High,2.78,3,Theoretical,Software Developer,Low,Low,8,Low,7,BS IS
A18-00185,20,Male,Rural,Private,High,2.03,5,Theoretical,Software Developer,High,High,10,High,9,BS IT
A18-00186,16,Other,Rural,Private,High,3.35,6,Theoretical,Software Developer,Moderate,Low,4,Moderate,5,BS IS
A18-00187,20,Female,Rural,Public,High,3,6,Theoretical,Software Developer,High,Moderate,6,Low,1,BS IT
A18-00188,16,Male,Rural,Public,High,3.32,10,Practical,Software Developer,Low,Low,3,Low,10,BS IS
A18-00189,20,Other,Urban,Public,Middle,3.32,10,Practical,System Analyst,Moderate,Moderate,3,Moderate,8,BS IT
A18-00190,20,Other,Rural,Public,Middle,2.42,10,Theoretical,IT Support,Moderate,Low,6,High,8,BS IT
A18-00191,19,Other,Urban,Private,Low,2.1,6,Theoretical,Software Developer,High,High,8,High,7,BS IS
A18-00192,18,Female,Rural,Private,Middle,3.5,6,Theoretical,Software Developer,High,Low,8,High,8,BS IT
A18-00193,19,Other,Rural,Public,Middle,3.42,2,Theoretical,IT Support,High,Moderate,10,High,7,BS IS
A18-00194,20,Male,Rural,Public,Low,3.97,9,Practical,System Analyst,Moderate,Moderate,3,Low,2,BS IS
A18-00195,17,Male,Rural,Public,Middle,3.15,9,Practical,System Analyst,Moderate,Moderate,8,High,10,BS IS
A18-00196,16,Other,Rural,Public,Low,2.45,7,Practical,Software Developer,Moderate,High,5,High,3,BS IT
A18-00197,16,Male,Urban,Private,High,3.86,9,Theoretical,IT Support,Low,High,7,High,9,BS IS
A18-00198,16,Male,Urban,Private,High,2.69,9,Practical,Software Developer,Low,High,5,High,7,BS IT
A18-00199,18,Other,Rural,Public,Middle,2.57,9,Theoretical,System Analyst,High,Moderate,8,Low,10,BS IS
A18-00200,20,Male,Rural,Private,Low,3.51,6,Theoretical,Software Developer,High,High,4,High,1,BS IT
A18-00201,19,Male,Urban,Private,Low,3.6,3,Theoretical,System Analyst,High,High,5,Low,1,BS IS
A18-00202,17,Female,Urban,Public,High,3.59,6,Practical,IT Support,Low,Moderate,1,High,4,BS IS
A18-00203,19,Other,Rural,Public,High,2.75,3,Practical,System Analyst,Low,Low,4,High,2,BS IT
A18-00204,17,Other,Urban,Public,Middle,3.38,3,Theoretical,System Analyst,Low,Moderate,5,Moderate,9,BS IT
A18-00205,17,Male,Rural,Private,Middle,3.82,4,Practical,Data Analyst,High,Low,6,High,4,BS IS
A18-00206,20,Male,Rural,Private,Middle,2.84,2,Theoretical,System Analyst,High,Low,9,High,7,BS IS
A18-00207,17,Other,Urban,Public,Low,2.57,8,Practical,IT Support,Moderate,High,4,High,1,BS IS
A18-00208,16,Other,Rural,Private,Low,2.29,6,Practical,System Analyst,Moderate,Moderate,10,Moderate,7,BS IS
A18-00209,17,Other,Urban,Private,Low,2.17,3,Practical,Software Developer,Moderate,Moderate,9,High,8,BS IS
A18-00210,19,Other,Urban,Public,Middle,3.5,3,Practical,Software Developer,Moderate,Moderate,9,Moderate,1,BS IT
A18-00211,20,Female,Urban,Private,Low,2.92,6,Practical,IT Support,Moderate,Moderate,3,High,5,BS IT
A18-00212,18,Female,Urban,Private,Low,3.15,7,Theoretical,IT Support,High,Moderate,8,High,6,BS IS
A18-00213,20,Male,Urban,Public,Low,2.01,3,Theoretical,IT Support,Low,High,3,Moderate,3,BS IS
A18-00214,16,Male,Urban,Private,Middle,3.76,2,Practical,IT Support,Moderate,High,5,Low,3,BS IT
A18-00215,19,Other,Rural,Public,Middle,3.04,4,Practical,Software Developer,High,Low,7,Moderate,4,BS IT
A18-00216,19,Female,Rural,Private,Middle,3.71,2,Theoretical,IT Support,Low,Low,7,High,10,BS IT
A18-00217,20,Female,Urban,Private,Low,3.53,1,Practical,IT Support,High,Low,9,High,7,BS IT
A18-00218,16,Male,Rural,Private,High,2.93,6,Practical,Data Analyst,High,Moderate,3,Moderate,4,BS IS
A18-00219,16,Male,Rural,Private,High,3.57,2,Theoretical,Data Analyst,Low,Moderate,5,High,3,BS IS
A18-00220,17,Female,Urban,Private,Middle,2.28,2,Theoretical,IT Support,Moderate,Low,10,High,6,BS IT
A18-00221,20,Male,Rural,Private,Middle,2.21,8,Practical,Data Analyst,Moderate,Low,8,Moderate,2,BS IS
A18-00222,20,Other,Urban,Public,Middle,2.14,2,Theoretical,IT Support,Low,Low,3,High,7,BS IT
A18-00223,19,Female,Rural,Private,Low,3.5,3,Practical,IT Support,Moderate,High,1,Moderate,2,BS IS
A18-00224,20,Other,Rural,Private,High,3.84,10,Theoretical,System Analyst,Moderate,Moderate,5,Low,2,BS IT
A18-00225,18,Female,Rural,Private,Middle,3.75,10,Theoretical,IT Support,High,High,8,High,9,BS IS
A18-00226,20,Female,Urban,Private,Middle,2.04,4,Practical,IT Support,Moderate,Low,2,High,3,BS IT
A18-00227,16,Other,Rural,Private,Low,3.59,10,Practical,IT Support,Low,High,10,Low,10,BS IS
A18-00228,19,Other,Rural,Private,High,3.77,10,Practical,System Analyst,Moderate,Moderate,6,High,6,BS IS
A18-00229,18,Other,Rural,Private,High,2.67,9,Practical,Software Developer,Moderate,Moderate,9,Moderate,6,BS IT
A18-00230,19,Male,Urban,Private,Low,3.85,7,Theoretical,IT Support,Moderate,Moderate,9,High,5,BS IS
A18-00231,17,Female,Urban,Public,High,2.24,4,Practical,Data Analyst,Moderate,Moderate,2,Moderate,5,BS IT
A18-00232,20,Other,Rural,Private,High,2.89,7,Practical,IT Support,High,Moderate,8,High,8,BS IT
A18-00233,20,Other,Urban,Private,High,3.51,2,Practical,Software Developer,High,Moderate,1,Low,9,BS IT
A18-00234,17,Other,Rural,Private,Low,2.69,8,Theoretical,System Analyst,High,Moderate,5,Moderate,5,BS IS
A18-00235,17,Male,Urban,Private,Low,2.64,1,Theoretical,IT Support,Moderate,High,6,Low,10,BS IT
A18-00236,20,Female,Urban,Public,Low,2.13,7,Theoretical,IT Support,Moderate,Low,2,High,5,BS IT
A18-00237,18,Other,Rural,Public,High,3.24,3,Practical,Software Developer,Moderate,Moderate,4,Moderate,7,BS IS
A18-00238,19,Male,Urban,Public,Low,2.25,8,Theoretical,IT Support,High,Moderate,4,High,9,BS IT
A18-00239,17,Other,Urban,Public,Middle,2.98,9,Theoretical,Data Analyst,Low,Moderate,1,High,1,BS IS
A18-00240,20,Other,Urban,Public,High,3.57,7,Theoretical,Software Developer,Moderate,Low,5,High,7,BS IT
A18-00241,18,Male,Urban,Public,High,2.07,9,Theoretical,System Analyst,Low,Low,5,High,7,BS IT
A18-00242,20,Male,Rural,Public,Low,2.55,8,Theoretical,System Analyst,High,High,5,Moderate,7,BS IT
A18-00243,20,Female,Rural,Private,Middle,3.6,1,Practical,Data Analyst,High,Moderate,10,High,2,BS IS
A18-00244,20,Male,Rural,Private,Middle,3.35,1,Theoretical,Data Analyst,Moderate,High,2,High,10,BS IT
A18-00245,17,Male,Rural,Private,High,2.48,5,Practical,IT Support,High,Moderate,10,Moderate,1,BS IT
A18-00246,19,Male,Rural,Public,High,3.72,8,Practical,System Analyst,Moderate,Moderate,1,High,3,BS IT
A18-00247,18,Male,Rural,Private,High,2.6,6,Practical,Software Developer,High,Moderate,4,Low,3,BS IT
A18-00248,20,Male,Urban,Private,High,2.9,10,Theoretical,Data Analyst,High,High,8,Moderate,6,BS IS
A18-00249,18,Female,Urban,Public,Middle,2.08,10,Practical,System Analyst,Moderate,High,6,High,1,BS IT
A18-00250,16,Female,Urban,Private,Middle,2.62,8,Theoretical,Data Analyst,Low,Moderate,9,Moderate,1,BS IS
A18-00251,18,Other,Urban,Private,High,2.68,3,Theoretical,Software Developer,Low,High,5,Moderate,5,BS IS
A18-00252,17,Other,Rural,Private,Middle,3.85,5,Practical,System Analyst,High,High,7,High,6,BS IT
A18-00253,17,Female,Urban,Public,Low,2.41,3,Practical,Software Developer,Low,Low,10,Moderate,8,BS IT
A18-00254,18,Male,Rural,Private,Middle,2.66,9,Practical,System Analyst,High,High,1,High,5,BS IT
A18-00255,18,Male,Urban,Public,Low,2.98,2,Practical,Data Analyst,Moderate,High,6,High,3,BS IT
A18-00256,18,Female,Rural,Public,Middle,2.83,9,Practical,System Analyst,High,Low,1,Low,9,BS IT
A18-00257,19,Other,Urban,Public,Low,3.76,8,Practical,System Analyst,Low,Low,9,Low,7,BS IS
A18-00258,20,Male,Rural,Public,Middle,3.58,2,Practical,Software Developer,High,High,6,High,10,BS IT
A18-00259,16,Male,Urban,Public,Low,2.1,5,Practical,System Analyst,Low,Moderate,2,Low,8,BS IS
A18-00260,16,Male,Urban,Public,Low,2.74,3,Practical,Data Analyst,Moderate,High,4,Moderate,1,BS IT
A18-00261,17,Female,Urban,Private,High,2.11,1,Theoretical,System Analyst,High,Low,5,Low,6,BS IT
A18-00262,20,Female,Urban,Private,Low,2.45,4,Practical,IT Support,Moderate,Low,6,High,7,BS IS
A18-00263,19,Other,Urban,Private,Low,3.48,2,Theoretical,System Analyst,Low,Low,8,Moderate,2,BS IT
A18-00264,19,Female,Urban,Public,Middle,3.22,6,Theoretical,Software Developer,Low,High,8,Moderate,9,BS IS
A18-00265,18,Male,Urban,Private,Low,3.09,10,Practical,IT Support,Moderate,Low,3,Moderate,10,BS IT
A18-00266,17,Other,Rural,Public,High,2.83,3,Theoretical,IT Support,Moderate,Moderate,4,Low,2,BS IS
A18-00267,20,Male,Rural,Private,Middle,2.1,8,Theoretical,Data Analyst,Low,Moderate,3,Low,4,BS IT
A18-00268,17,Other,Urban,Private,Low,2.45,6,Practical,IT Support,Moderate,Low,5,Low,5,BS IS
A18-00269,18,Other,Urban,Public,Middle,2.74,10,Theoretical,Data Analyst,High,Moderate,3,High,2,BS IT
A18-00270,16,Other,Urban,Public,Middle,3.57,7,Theoretical,System Analyst,Low,Low,3,High,3,BS IS
A18-00271,20,Male,Urban,Public,Low,3.16,7,Theoretical,Data Analyst,High,High,7,High,10,BS IS
A18-00272,16,Female,Rural,Private,High,2.83,5,Practical,IT Support,Low,High,9,High,7,BS IS
A18-00273,20,Female,Rural,Public,High,3.09,9,Practical,System Analyst,Moderate,Low,6,High,4,BS IT
A18-00274,16,Other,Rural,Private,High,2.42,1,Theoretical,System Analyst,Moderate,Moderate,9,High,6,BS IS
A18-00275,18,Other,Rural,Public,Low,2.47,10,Practical,Software Developer,Low,Low,3,Moderate,2,BS IT
A18-00276,17,Female,Rural,Public,High,2.01,5,Practical,Software Developer,Moderate,High,5,Moderate,2,BS IS
A18-00277,17,Male,Rural,Private,High,2.69,4,Practical,Data Analyst,High,Low,8,Moderate,10,BS IT
A18-00278,16,Male,Rural,Private,Low,3.5,10,Practical,Data Analyst,High,Low,6,Low,8,BS IT
A18-00279,20,Male,Rural,Private,High,3.74,9,Theoretical,Software Developer,Moderate,Moderate,9,Low,5,BS IS
A18-00280,18,Male,Rural,Private,Low,2.59,6,Theoretical,Software Developer,High,Moderate,3,Low,3,BS IS
A18-00281,20,Other,Rural,Private,Middle,3.44,6,Theoretical,System Analyst,Moderate,Moderate,10,High,10,BS IT
A18-00282,19,Male,Urban,Public,Middle,2.82,7,Practical,IT Support,High,High,7,Low,5,BS IT
A18-00283,18,Male,Urban,Private,Middle,2.13,5,Theoretical,IT Support,Moderate,Moderate,4,High,8,BS IT
A18-00284,16,Female,Urban,Public,Low,2.58,8,Practical,IT Support,Moderate,Low,6,High,10,BS IS
A18-00285,19,Male,Rural,Private,High,3.1,7,Practical,Software Developer,Moderate,High,10,Moderate,9,BS IS
A18-00286,17,Female,Urban,Private,High,2.37,4,Theoretical,System Analyst,High,Moderate,3,High,5,BS IS
A18-00287,20,Female,Rural,Private,Low,3.14,3,Theoretical,System Analyst,Low,Low,1,Moderate,5,BS IS
A18-00288,16,Female,Rural,Public,High,2.33,4,Theoretical,IT Support,Moderate,Moderate,10,Moderate,9,BS IS
A18-00289,19,Male,Urban,Public,Low,2.91,8,Practical,IT Support,Moderate,Low,6,Moderate,6,BS IT
A18-00290,19,Female,Rural,Private,Low,2.73,4,Practical,Data Analyst,Moderate,High,5,High,9,BS IS
A18-00291,20,Female,Rural,Public,Low,3.62,7,Theoretical,System Analyst,High,High,7,High,6,BS IS
A18-00292,19,Female,Urban,Private,Low,3.85,9,Practical,IT Support,Moderate,Moderate,5,High,10,BS IT
A18-00293,19,Female,Rural,Public,Low,3.39,2,Theoretical,Software Developer,High,High,7,Low,7,BS IS
A18-00294,17,Other,Rural,Public,Low,2.79,6,Practical,System Analyst,High,Low,4,Moderate,10,BS IT
A18-00295,16,Male,Rural,Public,High,2.74,2,Theoretical,IT Support,High,Moderate,9,Low,3,BS IS
A18-00296,19,Other,Rural,Public,High,3.36,1,Practical,Data Analyst,High,High,3,Moderate,4,BS IT
A18-00297,17,Other,Urban,Private,Low,3.03,2,Theoretical,System Analyst,High,High,5,Low,6,BS IS
A18-00298,17,Male,Rural,Private,Middle,2.85,9,Practical,Data Analyst,Low,Moderate,9,High,8,BS IT
A18-00299,19,Female,Urban,Private,High,2.48,9,Theoretical,Software Developer,High,Low,8,Moderate,7,BS IT
A18-00300,17,Male,Urban,Public,Middle,2.1,10,Theoretical,Software Developer,Low,High,3,Low,3,BS IT
A18-00301,18,Male,Urban,Private,High,3.98,5,Theoretical,System Analyst,Low,High,2,Low,2,BS IT
A18-00302,18,Male,Rural,Private,Low,2.63,8,Theoretical,Software Developer,High,Low,9,Low,6,BS IS
A18-00303,18,Female,Urban,Private,Low,2.28,5,Practical,Software Developer,Moderate,High,8,Moderate,6,BS IS
A18-00304,16,Female,Urban,Public,Middle,3.77,8,Practical,Software Developer,Moderate,Moderate,3,Moderate,9,BS IT
A18-00305,20,Female,Rural,Public,Low,3.38,5,Practical,IT Support,High,Moderate,10,High,4,BS IT
A18-00306,18,Male,Urban,Public,High,2.46,8,Practical,System Analyst,Low,Low,6,High,8,BS IS
A18-00307,20,Male,Urban,Public,Middle,3.36,8,Practical,Data Analyst,Moderate,Moderate,3,Low,6,BS IT
A18-00308,16,Other,Urban,Public,Low,3.15,7,Theoretical,Data Analyst,High,Moderate,6,Low,2,BS IS
A18-00309,16,Other,Urban,Public,Middle,3.5,4,Theoretical,System Analyst,Low,Low,9,High,4,BS IT
A18-00310,18,Other,Urban,Public,Middle,2.55,6,Practical,Software Developer,High,High,8,High,8,BS IS
A18-00311,16,Other,Urban,Private,High,2.1,7,Theoretical,Data Analyst,High,High,2,High,10,BS IT
A18-00312,17,Male,Urban,Private,Low,3.52,2,Theoretical,Software Developer,Low,Moderate,2,High,10,BS IS
A18-00313,17,Other,Rural,Private,Low,3.71,3,Theoretical,IT Support,High,Moderate,10,Moderate,4,BS IT
A18-00314,20,Female,Rural,Public,Low,2.1,4,Practical,System Analyst,Low,Low,9,High,9,BS IT
A18-00315,17,Male,Rural,Public,Middle,3.63,4,Theoretical,Data Analyst,High,Low,4,Low,6,BS IS
A18-00316,16,Male,Urban,Public,High,2.5,1,Theoretical,Data Analyst,High,Low,5,High,7,BS IT
A18-00317,20,Female,Rural,Private,Middle,3.25,1,Theoretical,Data Analyst,High,High,9,High,6,BS IT
A18-00318,20,Female,Rural,Private,Middle,3.45,4,Practical,System Analyst,Moderate,High,3,High,6,BS IT
A18-00319,17,Female,Rural,Private,Middle,3.05,5,Theoretical,IT Support,Low,Moderate,3,Moderate,4,BS IS
A18-00320,17,Other,Urban,Public,Middle,2.69,5,Practical,System Analyst,Low,Moderate,7,Low,8,BS IT
A18-00321,20,Other,Rural,Private,Middle,2.12,9,Theoretical,IT Support,High,Low,4,High,1,BS IS
A18-00322,20,Male,Urban,Public,Low,3.71,3,Theoretical,System Analyst,Low,Low,2,Low,1,BS IT
A18-00323,17,Female,Urban,Private,High,3.01,1,Practical,Data Analyst,Low,Moderate,1,Moderate,6,BS IS
A18-00324,20,Female,Urban,Private,Middle,3.5,4,Theoretical,Software Developer,Moderate,High,3,High,3,BS IT
A18-00325,16,Female,Rural,Public,Low,3.83,2,Theoretical,System Analyst,Low,High,8,Moderate,4,BS IT
A18-00326,17,Female,Urban,Private,Low,2.53,7,Theoretical,IT Support,Low,Moderate,4,Moderate,1,BS IT
A18-00327,16,Other,Urban,Public,Low,2.78,1,Theoretical,IT Support,Low,High,1,Moderate,10,BS IT
A18-00328,19,Male,Rural,Private,High,3.03,6,Theoretical,Data Analyst,Moderate,High,4,Low,3,BS IS
A18-00329,16,Female,Urban,Private,Middle,2.19,3,Theoretical,Software Developer,Low,Moderate,4,Moderate,10,BS IS
A18-00330,16,Female,Urban,Public,Middle,3.33,9,Practical,IT Support,Low,High,10,High,6,BS IT
A18-00331,17,Male,Urban,Public,High,3.65,2,Practical,IT Support,High,High,2,Low,2,BS IT
A18-00332,18,Male,Rural,Private,Middle,2.74,8,Theoretical,System Analyst,Low,Moderate,2,Moderate,1,BS IS
A18-00333,18,Male,Urban,Public,Middle,3.5,3,Practical,IT Support,Low,Moderate,4,Moderate,7,BS IT
A18-00334,16,Other,Rural,Public,Middle,3.11,1,Practical,Data Analyst,High,Low,4,High,5,BS IT
A18-00335,19,Female,Rural,Public,Low,2.87,9,Theoretical,Data Analyst,High,Low,6,Moderate,6,BS IT
A18-00336,18,Female,Rural,Public,Low,2.01,3,Theoretical,IT Support,Low,High,10,Low,7,BS IS
A18-00337,18,Other,Rural,Public,Middle,3.76,5,Practical,System Analyst,High,Moderate,10,Moderate,4,BS IT
A18-00338,19,Female,Rural,Public,Middle,3.24,6,Theoretical,System Analyst,Low,Low,7,Low,10,BS IT
A18-00339,18,Other,Urban,Public,High,2.32,7,Practical,Data Analyst,Low,Low,2,Moderate,2,BS IS
A18-00340,17,Female,Rural,Public,Middle,2.82,3,Theoretical,System Analyst,High,Low,8,Low,1,BS IT
A18-00341,18,Female,Rural,Private,High,3.26,10,Theoretical,System Analyst,Low,Low,6,Low,3,BS IT
A18-00342,17,Male,Rural,Public,High,3.61,7,Theoretical,System Analyst,High,High,9,High,6,BS IS
A18-00343,18,Other,Rural,Private,Low,3.58,9,Theoretical,IT Support,Moderate,High,8,Low,6,BS IS
A18-00344,18,Other,Urban,Public,Low,3.24,3,Theoretical,Data Analyst,Moderate,Moderate,9,Low,2,BS IS
A18-00345,16,Female,Urban,Public,Low,3.69,8,Theoretical,Data Analyst,Moderate,Moderate,6,High,7,BS IT
A18-00346,18,Male,Urban,Public,High,2.68,5,Theoretical,Data Analyst,High,High,10,Moderate,7,BS IS
A18-00347,17,Male,Urban,Public,High,2.29,7,Theoretical,Software Developer,High,High,2,Low,10,BS IT
A18-00348,17,Male,Urban,Private,High,2.26,2,Theoretical,Software Developer,Moderate,Moderate,9,Moderate,5,BS IS
A18-00349,18,Male,Rural,Public,Low,2.48,2,Theoretical,Data Analyst,Moderate,Moderate,4,High,1,BS IT
A18-00350,17,Other,Rural,Private,Middle,2.67,3,Theoretical,IT Support,Low,High,10,Low,1,BS IT
A18-00351,17,Female,Urban,Private,Low,2.97,6,Theoretical,Software Developer,Moderate,Low,10,High,1,BS IS
A18-00352,16,Other,Rural,Public,Low,3.55,3,Theoretical,Data Analyst,High,High,6,Low,3,BS IS
A18-00353,20,Female,Urban,Public,Low,3.62,4,Practical,Software Developer,Low,Moderate,4,Moderate,7,BS IS
A18-00354,19,Female,Urban,Private,Low,2.47,1,Theoretical,IT Support,High,Moderate,1,High,10,BS IS
A18-00355,16,Other,Urban,Public,Middle,2.11,2,Practical,Software Developer,High,Moderate,5,High,8,BS IT
A18-00356,17,Female,Urban,Private,Middle,2.24,4,Theoretical,IT Support,Moderate,High,4,Moderate,3,BS IS
A18-00357,16,Female,Rural,Private,Low,2.77,10,Theoretical,System Analyst,High,Moderate,7,High,2,BS IS
A18-00358,18,Male,Urban,Public,High,3.62,8,Practical,Software Developer,Low,Low,9,Moderate,10,BS IS
A18-00359,18,Other,Rural,Private,Middle,3.78,2,Practical,Data Analyst,High,Low,6,Low,2,BS IT
A18-00360,20,Male,Rural,Public,High,2.91,6,Practical,System Analyst,High,Low,3,High,5,BS IT
A18-00361,18,Female,Rural,Public,High,2.86,9,Theoretical,System Analyst,Moderate,Moderate,8,Low,6,BS IT
A18-00362,19,Male,Rural,Private,High,3.84,6,Practical,IT Support,High,Low,9,Low,8,BS IT
A18-00363,17,Male,Rural,Private,Low,3.98,8,Practical,Software Developer,High,Low,9,Low,10,BS IS
A18-00364,19,Female,Rural,Private,Low,2.8,3,Practical,Software Developer,Moderate,Moderate,8,Low,5,BS IT
A18-00365,20,Male,Urban,Private,Middle,3.82,7,Theoretical,System Analyst,High,Moderate,4,Low,8,BS IS
A18-00366,18,Female,Urban,Public,High,2.21,7,Practical,Software Developer,High,Low,7,Moderate,1,BS IT
A18-00367,19,Other,Rural,Private,Low,2.15,4,Practical,Data Analyst,Low,Low,5,Moderate,8,BS IS
A18-00368,17,Other,Rural,Public,Low,3.45,3,Practical,Data Analyst,Moderate,Moderate,3,High,2,BS IS
A18-00369,19,Other,Rural,Public,High,3.48,3,Practical,IT Support,Low,Moderate,10,Low,9,BS IT
A18-00370,19,Other,Urban,Public,High,2.48,2,Theoretical,Data Analyst,High,High,9,High,5,BS IT
A18-00371,18,Male,Rural,Private,Middle,3.76,2,Theoretical,Data Analyst,Moderate,High,6,High,4,BS IT
A18-00372,19,Male,Urban,Private,High,4,10,Practical,IT Support,High,Moderate,2,Low,9,BS IT
A18-00373,16,Female,Rural,Public,High,2.59,5,Practical,Software Developer,Moderate,Low,3,High,4,BS IT
A18-00374,18,Male,Rural,Private,Low,3.23,9,Practical,IT Support,High,High,10,Moderate,1,BS IT
A18-00375,17,Female,Urban,Private,High,3.58,1,Theoretical,IT Support,High,Low,9,Low,3,BS IT
A18-00376,19,Male,Rural,Public,High,3.83,6,Theoretical,System Analyst,Low,High,9,High,6,BS IT
A18-00377,20,Other,Rural,Private,Low,3.98,5,Practical,System Analyst,Moderate,Low,9,Low,6,BS IS
A18-00378,19,Female,Urban,Private,High,3.57,2,Practical,System Analyst,Moderate,Low,7,High,5,BS IS
A18-00379,16,Other,Rural,Public,Low,3.44,4,Practical,Data Analyst,Moderate,High,7,High,4,BS IT
A18-00380,17,Other,Rural,Public,Low,2.78,9,Theoretical,Data Analyst,Moderate,Low,9,Low,7,BS IT
A18-00381,17,Female,Urban,Private,Low,2.24,2,Practical,Data Analyst,High,Moderate,1,Moderate,4,BS IS
A18-00382,19,Male,Rural,Private,Middle,2.77,5,Theoretical,Software Developer,Moderate,Low,4,Moderate,6,BS IS
A18-00383,20,Male,Rural,Private,Low,3.27,5,Theoretical,Data Analyst,High,Moderate,9,Low,1,BS IS
A18-00384,17,Female,Rural,Public,Middle,2.24,7,Theoretical,IT Support,Low,Low,4,Low,10,BS IT
A18-00385,18,Male,Rural,Public,Low,2.44,2,Practical,Software Developer,Moderate,High,6,High,6,BS IS
A18-00386,20,Female,Rural,Private,Low,2.04,9,Theoretical,Software Developer,Low,Moderate,3,High,6,BS IT
A18-00387,18,Female,Urban,Public,Low,2.87,8,Theoretical,Data Analyst,Low,Moderate,3,High,10,BS IT
A18-00388,17,Female,Rural,Public,High,3.79,6,Practical,Data Analyst,High,Low,6,Moderate,5,BS IS
A18-00389,20,Other,Urban,Public,Low,3.6,5,Theoretical,Software Developer,High,Low,4,Moderate,6,BS IT
A18-00390,17,Female,Rural,Public,Middle,3.39,9,Theoretical,Data Analyst,Moderate,High,5,High,8,BS IT
A18-00391,19,Other,Rural,Public,Low,3.67,7,Theoretical,Data Analyst,High,High,2,Low,7,BS IT
A18-00392,20,Female,Rural,Public,Low,2.88,4,Practical,Data Analyst,Moderate,High,1,Low,5,BS IT
A18-00393,20,Female,Rural,Public,High,2.62,10,Practical,Software Developer,High,Moderate,6,Low,5,BS IS
A18-00394,18,Other,Urban,Private,High,3.97,1,Practical,System Analyst,Low,Moderate,8,Moderate,1,BS IT
A18-00395,19,Other,Urban,Public,Low,2.67,8,Theoretical,System Analyst,High,High,10,Moderate,4,BS IS
A18-00396,16,Male,Rural,Public,Middle,3.15,1,Practical,System Analyst,High,Moderate,7,Moderate,2,BS IS
A18-00397,18,Female,Urban,Public,Low,3.94,7,Practical,IT Support,Low,Moderate,6,Moderate,8,BS IT
A18-00398,19,Female,Urban,Public,High,3.4,8,Practical,System Analyst,Moderate,Moderate,10,Moderate,7,BS IT
A18-00399,19,Other,Urban,Private,High,3.67,3,Theoretical,IT Support,Low,High,10,Moderate,3,BS IT
A18-00400,19,Male,Rural,Private,Middle,3.25,3,Practical,System Analyst,Moderate,Moderate,8,Moderate,7,BS IS
A18-00401,16,Female,Rural,Public,Middle,2.94,8,Theoretical,IT Support,Low,High,5,Low,4,BS IS
A18-00402,20,Other,Rural,Private,Low,2.44,4,Theoretical,System Analyst,Moderate,Low,8,Moderate,6,BS IS
A18-00403,18,Male,Rural,Private,Middle,3.02,9,Theoretical,IT Support,Low,Low,4,Low,10,BS IS
A18-00404,20,Female,Rural,Private,Low,3.75,9,Theoretical,Data Analyst,Moderate,Low,7,High,5,BS IT
A18-00405,19,Other,Rural,Private,High,3.46,3,Practical,IT Support,Moderate,High,4,Moderate,1,BS IS
A18-00406,20,Other,Rural,Public,Low,3.1,7,Theoretical,IT Support,Low,High,10,High,4,BS IT
A18-00407,18,Female,Urban,Public,Middle,3.83,2,Practical,IT Support,High,High,9,Moderate,4,BS IS
A18-00408,17,Female,Urban,Private,Low,2.91,5,Theoretical,System Analyst,Low,Low,4,Moderate,4,BS IS
A18-00409,17,Female,Rural,Private,Low,2.16,1,Theoretical,Data Analyst,High,Moderate,7,Moderate,10,BS IT
A18-00410,17,Other,Rural,Private,Middle,3.47,10,Practical,Software Developer,Moderate,Moderate,2,Low,9,BS IT
A18-00411,18,Female,Rural,Public,Low,2.38,9,Theoretical,Software Developer,Moderate,Moderate,9,Low,9,BS IS
A18-00412,19,Other,Rural,Public,Low,2.62,7,Theoretical,Data Analyst,Moderate,High,6,Low,4,BS IT
A18-00413,16,Male,Rural,Public,Middle,2.2,9,Theoretical,Software Developer,Moderate,Moderate,3,Moderate,9,BS IT
A18-00414,20,Other,Urban,Private,Low,3.15,5,Theoretical,System Analyst,High,Low,1,Moderate,8,BS IS
A18-00415,17,Female,Urban,Public,Middle,2.32,4,Practical,Data Analyst,Low,High,6,Moderate,10,BS IT
A18-00416,16,Female,Urban,Public,Middle,2.23,9,Theoretical,IT Support,Moderate,High,8,Low,4,BS IS
A18-00417,18,Male,Urban,Private,Low,2.25,7,Practical,System Analyst,Low,Low,10,High,1,BS IS
A18-00418,16,Female,Urban,Public,Middle,3.47,4,Theoretical,IT Support,Moderate,Low,10,High,7,BS IT
A18-00419,20,Female,Rural,Private,Middle,2.02,2,Practical,Data Analyst,High,High,8,Moderate,10,BS IS
A18-00420,17,Male,Urban,Public,Low,2.51,7,Practical,Software Developer,Low,High,7,Low,8,BS IS
A18-00421,19,Other,Rural,Public,Low,2.96,10,Theoretical,IT Support,High,High,3,Moderate,7,BS IS
A18-00422,18,Female,Rural,Private,High,2.28,5,Practical,Data Analyst,High,Low,9,High,9,BS IS
A18-00423,17,Female,Urban,Private,Middle,2.69,7,Theoretical,Software Developer,High,High,6,Low,3,BS IS
A18-00424,19,Male,Rural,Public,High,2.67,10,Practical,Data Analyst,Moderate,Moderate,2,Moderate,9,BS IT
A18-00425,18,Male,Urban,Public,Middle,2.49,8,Practical,System Analyst,High,Moderate,6,Moderate,8,BS IT
A18-00426,16,Female,Urban,Private,Middle,3.19,4,Theoretical,Data Analyst,High,Moderate,6,Moderate,6,BS IS
A18-00427,20,Other,Urban,Private,Middle,2.04,10,Theoretical,Data Analyst,High,Low,3,Low,2,BS IT
A18-00428,18,Female,Urban,Private,High,2.3,3,Theoretical,Data Analyst,High,High,8,High,4,BS IS
A18-00429,18,Other,Urban,Public,Middle,3.57,8,Theoretical,IT Support,High,High,3,Moderate,5,BS IS
A18-00430,18,Female,Urban,Private,High,2.91,3,Practical,Data Analyst,High,Moderate,8,Low,10,BS IS
A18-00431,19,Other,Urban,Public,Middle,2.76,1,Theoretical,IT Support,High,Low,2,Low,9,BS IT
A18-00432,16,Male,Rural,Private,Low,2.83,4,Theoretical,System Analyst,Moderate,Moderate,10,Low,4,BS IT
A18-00433,16,Male,Urban,Public,Middle,3.99,10,Theoretical,Data Analyst,Moderate,Moderate,2,Moderate,1,BS IT
A18-00434,17,Other,Rural,Private,Middle,2.95,10,Practical,Data Analyst,Low,Moderate,6,Low,6,BS IT
A18-00435,18,Male,Urban,Public,Middle,3,1,Practical,Data Analyst,Moderate,High,4,Moderate,8,BS IT
A18-00436,19,Other,Urban,Private,Middle,3.07,7,Practical,Software Developer,Low,Moderate,1,Moderate,5,BS IS
A18-00437,17,Female,Rural,Public,Middle,3.85,8,Theoretical,Software Developer,Moderate,High,8,Moderate,1,BS IS
A18-00438,19,Female,Urban,Public,Low,3.06,3,Practical,System Analyst,Moderate,Low,2,Moderate,5,BS IS
A18-00439,17,Female,Rural,Public,High,2.63,7,Theoretical,Software Developer,Low,Low,8,Low,8,BS IS
A18-00440,17,Male,Urban,Private,High,3.19,6,Theoretical,Software Developer,High,Moderate,1,Moderate,2,BS IS
A18-00441,19,Female,Rural,Private,High,2.06,6,Practical,System Analyst,High,Low,7,Moderate,8,BS IS
A18-00442,17,Male,Urban,Public,Low,2.6,3,Practical,System Analyst,Low,Low,6,High,9,BS IT
A18-00443,20,Male,Rural,Public,Low,3.45,5,Theoretical,Software Developer,High,Moderate,6,High,3,BS IS
A18-00444,20,Male,Urban,Private,High,2.22,2,Practical,Data Analyst,Low,Low,9,High,5,BS IS
A18-00445,16,Female,Rural,Public,Low,2.51,8,Practical,System Analyst,Low,Moderate,4,Moderate,2,BS IS
A18-00446,19,Male,Urban,Private,High,2.42,1,Practical,Data Analyst,High,High,8,High,2,BS IS
A18-00447,19,Female,Urban,Public,Middle,3.83,10,Theoretical,IT Support,High,Low,9,Low,10,BS IS
A18-00448,18,Other,Urban,Public,Low,2.5,10,Theoretical,System Analyst,Low,Moderate,2,Moderate,10,BS IS
A18-00449,17,Female,Rural,Public,Middle,2.42,7,Theoretical,System Analyst,Moderate,Low,9,High,8,BS IT
A18-00450,16,Male,Urban,Public,High,3.97,3,Practical,Software Developer,Low,High,7,Low,8,BS IT
A18-00451,19,Male,Rural,Public,Middle,3.24,10,Theoretical,IT Support,High,Low,9,Moderate,10,BS IS
A18-00452,16,Other,Urban,Public,High,3.41,3,Theoretical,Data Analyst,Low,Moderate,8,Moderate,1,BS IT
A18-00453,18,Female,Urban,Public,Low,2,2,Practical,Data Analyst,Moderate,Moderate,3,Moderate,8,BS IT
A18-00454,16,Male,Rural,Public,High,3.91,6,Theoretical,Data Analyst,Low,Low,9,High,5,BS IS
A18-00455,18,Other,Rural,Private,Middle,3.6,8,Theoretical,Software Developer,Moderate,Low,3,Low,5,BS IT
A18-00456,18,Male,Urban,Public,Low,2.98,3,Theoretical,System Analyst,High,Low,1,High,2,BS IS
A18-00457,18,Other,Urban,Private,Low,2.53,3,Practical,Software Developer,Low,Moderate,10,High,1,BS IS
A18-00458,17,Other,Urban,Public,Low,2.4,3,Theoretical,System Analyst,High,High,4,High,6,BS IT
A18-00459,20,Male,Rural,Private,Low,3.93,10,Practical,System Analyst,High,Moderate,8,High,2,BS IS
A18-00460,16,Male,Rural,Public,High,2.2,8,Practical,Data Analyst,High,High,7,High,10,BS IT
A18-00461,19,Male,Urban,Public,High,3,8,Theoretical,System Analyst,High,Moderate,2,High,6,BS IT
A18-00462,19,Female,Urban,Private,Middle,3.23,2,Practical,IT Support,Low,Low,6,High,3,BS IT
A18-00463,16,Female,Urban,Public,High,3.73,6,Practical,IT Support,High,Moderate,7,Low,5,BS IT
A18-00464,16,Other,Rural,Private,Low,2.33,3,Practical,Software Developer,Moderate,High,2,Moderate,10,BS IT
A18-00465,17,Female,Urban,Private,High,3.3,6,Theoretical,Software Developer,Moderate,Low,8,High,7,BS IT
A18-00466,20,Other,Urban,Public,Low,3.14,4,Practical,IT Support,High,Moderate,8,High,8,BS IS
A18-00467,20,Other,Urban,Private,Low,2.37,2,Theoretical,Software Developer,Moderate,Moderate,10,High,7,BS IS
A18-00468,18,Male,Rural,Private,Middle,3.46,9,Theoretical,IT Support,Low,High,10,High,3,BS IT
A18-00469,16,Female,Urban,Private,High,2.75,4,Practical,Software Developer,Moderate,High,5,Moderate,5,BS IS
A18-00470,19,Other,Urban,Private,Middle,2.69,1,Practical,Data Analyst,High,High,6,Low,7,BS IT
A18-00471,16,Male,Urban,Private,Low,2.31,7,Practical,IT Support,Moderate,Low,7,Low,6,BS IT
A18-00472,17,Other,Rural,Private,Low,3.77,10,Theoretical,System Analyst,Moderate,Low,6,High,2,BS IT
A18-00473,16,Female,Urban,Private,High,2.27,9,Theoretical,System Analyst,Moderate,Moderate,8,High,10,BS IT
A18-00474,16,Female,Urban,Private,Low,3.5,5,Practical,Data Analyst,High,High,2,Low,4,BS IS
A18-00475,17,Other,Urban,Private,High,2.24,8,Practical,Software Developer,Moderate,Low,7,High,4,BS IS
A18-00476,17,Female,Rural,Private,Low,3.08,2,Practical,IT Support,High,Low,8,Low,2,BS IS
A18-00477,18,Male,Urban,Private,High,2.72,3,Theoretical,System Analyst,Moderate,Moderate,2,High,1,BS IS
A18-00478,19,Male,Urban,Public,Middle,2.42,8,Practical,Data Analyst,Moderate,Low,8,Low,4,BS IS
A18-00479,16,Other,Rural,Private,High,2.26,8,Practical,Data Analyst,Low,High,5,High,4,BS IS
A18-00480,19,Other,Urban,Public,Middle,3.58,2,Theoretical,System Analyst,Moderate,High,2,High,1,BS IT
A18-00481,20,Female,Urban,Public,High,2.14,9,Theoretical,IT Support,Low,High,3,Low,6,BS IT
A18-00482,17,Male,Urban,Private,High,2.15,1,Practical,System Analyst,Low,Moderate,3,Moderate,5,BS IS
A18-00483,16,Female,Urban,Public,Middle,3.04,3,Practical,Software Developer,Low,Low,6,Moderate,4,BS IS
A18-00484,17,Female,Rural,Private,Middle,2.35,1,Theoretical,Data Analyst,Moderate,Low,8,High,7,BS IS
A18-00485,16,Female,Rural,Public,High,3.61,8,Practical,System Analyst,High,Moderate,8,High,7,BS IS
A18-00486,20,Other,Rural,Private,High,3.22,1,Theoretical,System Analyst,Moderate,Moderate,9,Moderate,1,BS IT
A18-00487,16,Female,Urban,Public,Middle,3.73,6,Theoretical,System Analyst,Low,Low,9,Moderate,4,BS IT
A18-00488,18,Male,Rural,Private,Low,2.93,9,Practical,Data Analyst,Moderate,Moderate,6,High,3,BS IT
A18-00489,18,Male,Rural,Public,Middle,2.37,1,Theoretical,IT Support,High,High,6,Moderate,2,BS IS
A18-00490,20,Other,Urban,Private,Low,3.93,7,Theoretical,Data Analyst,Moderate,Moderate,6,Low,6,BS IT
A18-00491,18,Female,Rural,Public,Middle,3.64,4,Practical,System Analyst,High,High,9,High,2,BS IS
A18-00492,20,Other,Rural,Public,High,2.77,8,Practical,Software Developer,High,Low,6,Moderate,9,BS IS
A18-00493,16,Female,Urban,Private,High,2.29,8,Theoretical,System Analyst,Moderate,High,8,Low,8,BS IT
A18-00494,18,Female,Urban,Private,High,2.95,6,Theoretical,Software Developer,High,Low,10,Moderate,4,BS IS
A18-00495,20,Female,Urban,Public,Middle,3.78,10,Theoretical,Data Analyst,High,High,8,Moderate,9,BS IS
A18-00496,19,Male,Rural,Private,High,3.97,5,Theoretical,Software Developer,High,High,2,Moderate,7,BS IT
A18-00497,18,Male,Rural,Public,High,3.54,1,Practical,Data Analyst,Moderate,Moderate,4,Moderate,2,BS IS
A18-00498,20,Female,Urban,Public,Low,3.39,1,Theoretical,Data Analyst,Low,Moderate,6,Moderate,9,BS IT
A18-00499,18,Female,Rural,Private,High,3.2,2,Practical,System Analyst,High,Low,2,High,9,BS IT
A18-00500,16,Male,Urban,Public,Low,2.13,1,Practical,Software Developer,Low,High,8,Low,1,BS IT
A18-00501,18,Other,Rural,Private,Middle,3.73,8,Practical,Data Analyst,Low,Moderate,5,High,7,BS IS
A18-00502,16,Other,Urban,Private,Middle,3.31,9,Theoretical,Data Analyst,High,Moderate,8,Low,2,BS IT
A18-00503,16,Male,Urban,Private,Middle,3.16,3,Practical,IT Support,Moderate,Moderate,4,Moderate,7,BS IS
A18-00504,17,Male,Rural,Public,High,2.78,10,Theoretical,Data Analyst,Low,Low,3,Low,5,BS IT
A18-00505,16,Other,Rural,Private,Middle,2.33,2,Practical,IT Support,Moderate,Moderate,7,Low,2,BS IT
A18-00506,17,Female,Urban,Public,Middle,2.72,6,Practical,IT Support,Low,High,2,High,7,BS IT
A18-00507,18,Male,Rural,Public,Middle,3.66,4,Practical,IT Support,Low,Low,3,Low,6,BS IT
A18-00508,18,Other,Rural,Private,Low,2.48,7,Practical,IT Support,Moderate,High,2,High,10,BS IT
A18-00509,17,Female,Rural,Private,Middle,2.48,7,Practical,IT Support,High,Low,4,Low,2,BS IS
A18-00510,20,Other,Rural,Private,Middle,3.78,10,Theoretical,IT Support,Moderate,Low,4,Moderate,1,BS IS
A18-00511,19,Other,Rural,Public,Low,3.75,8,Theoretical,System Analyst,Low,Low,9,High,3,BS IS
A18-00512,17,Male,Rural,Public,Low,2.86,7,Practical,IT Support,Low,High,10,Low,8,BS IS
A18-00513,18,Female,Urban,Private,Middle,2.1,10,Theoretical,Software Developer,Moderate,Moderate,3,Low,2,BS IS
A18-00514,18,Male,Rural,Public,Low,2.02,2,Practical,IT Support,Low,High,4,Low,3,BS IS
A18-00515,20,Female,Urban,Private,High,3.72,5,Theoretical,Data Analyst,Moderate,High,9,Moderate,8,BS IS
A18-00516,16,Female,Urban,Public,High,3.05,7,Theoretical,IT Support,High,Moderate,6,Low,9,BS IT
A18-00517,16,Male,Urban,Private,High,3.64,7,Practical,Software Developer,Low,High,8,High,5,BS IS
A18-00518,19,Other,Rural,Public,High,2.4,8,Theoretical,IT Support,High,Moderate,8,High,7,BS IT
A18-00519,20,Female,Rural,Public,Middle,2.56,7,Theoretical,System Analyst,High,High,4,Moderate,6,BS IT
A18-00520,20,Male,Urban,Private,High,3.46,9,Theoretical,Software Developer,Low,High,10,Moderate,8,BS IS
A18-00521,17,Other,Urban,Private,High,2.2,7,Practical,Data Analyst,Low,Low,10,Moderate,6,BS IT
A18-00522,16,Male,Rural,Private,Low,2.07,8,Practical,System Analyst,Low,High,2,Low,8,BS IS
A18-00523,20,Other,Rural,Private,High,3.41,6,Practical,Software Developer,Low,Moderate,9,High,6,BS IS
A18-00524,19,Female,Urban,Public,Low,3.69,4,Theoretical,System Analyst,High,Moderate,7,Low,6,BS IT
A18-00525,16,Female,Urban,Public,Low,3.16,4,Practical,Data Analyst,High,Low,10,Low,3,BS IS
A18-00526,20,Other,Urban,Private,Middle,3.23,2,Theoretical,Data Analyst,Moderate,High,8,High,8,BS IT
A18-00527,16,Other,Urban,Private,Low,2.17,8,Theoretical,Software Developer,Low,High,3,High,6,BS IT
A18-00528,17,Female,Urban,Private,High,3.17,9,Theoretical,Software Developer,Low,Low,4,Low,6,BS IT
A18-00529,20,Male,Rural,Private,High,2.3,6,Theoretical,System Analyst,Moderate,Moderate,3,Moderate,7,BS IT
A18-00530,19,Other,Urban,Public,Low,2.87,10,Theoretical,Software Developer,High,Moderate,6,Low,2,BS IT
A18-00531,19,Female,Rural,Private,Low,2.12,3,Theoretical,IT Support,High,Low,3,Moderate,9,BS IT
A18-00532,16,Other,Urban,Private,Middle,3.72,6,Theoretical,System Analyst,High,Moderate,9,High,3,BS IT
A18-00533,20,Female,Rural,Private,Low,3.58,2,Practical,Software Developer,High,High,4,High,10,BS IS
A18-00534,20,Male,Urban,Public,High,2.73,3,Practical,Data Analyst,Moderate,Low,4,Moderate,3,BS IT
A18-00535,20,Male,Rural,Public,High,3.89,4,Theoretical,Data Analyst,Low,High,10,High,8,BS IS
A18-00536,18,Female,Urban,Private,High,2.74,3,Practical,IT Support,High,Low,8,High,3,BS IT
A18-00537,16,Female,Urban,Private,High,3.36,7,Theoretical,Data Analyst,Low,High,8,High,2,BS IT
A18-00538,20,Female,Urban,Private,Low,3.46,3,Theoretical,Software Developer,High,Moderate,8,Low,10,BS IS
A18-00539,19,Female,Rural,Public,High,3.03,4,Practical,System Analyst,High,Low,3,Moderate,10,BS IT
A18-00540,20,Male,Urban,Public,Middle,3.04,7,Theoretical,Data Analyst,Low,Low,1,Moderate,3,BS IS
A18-00541,19,Other,Rural,Public,Middle,2.23,7,Practical,System Analyst,High,High,2,Moderate,6,BS IT
A18-00542,20,Other,Urban,Private,High,2.04,7,Practical,IT Support,High,Low,10,Moderate,5,BS IS
A18-00543,20,Male,Urban,Public,Low,2.77,7,Theoretical,Data Analyst,High,High,3,Moderate,8,BS IT
A18-00544,16,Female,Urban,Public,Low,2.25,9,Practical,System Analyst,High,Low,10,Moderate,10,BS IT
A18-00545,17,Other,Rural,Public,High,3.31,1,Practical,Software Developer,Moderate,Moderate,7,Moderate,7,BS IT
A18-00546,18,Female,Urban,Private,Middle,2.15,6,Practical,Software Developer,High,High,7,High,4,BS IS
A18-00547,20,Female,Urban,Private,Middle,3.4,5,Theoretical,System Analyst,Low,Low,2,Low,9,BS IT
A18-00548,20,Other,Rural,Private,High,2.42,2,Theoretical,Software Developer,Moderate,Moderate,7,Low,7,BS IT
A18-00549,20,Other,Rural,Private,Middle,2.23,9,Theoretical,IT Support,High,Moderate,6,High,7,BS IT
A18-00550,19,Male,Urban,Private,Low,3.88,2,Practical,Software Developer,High,High,7,Low,8,BS IT
A18-00551,17,Female,Rural,Private,High,2.37,9,Practical,IT Support,Moderate,Moderate,8,High,1,BS IT
A18-00552,16,Other,Rural,Public,Middle,3.3,1,Practical,Software Developer,High,Low,3,Low,9,BS IT
A18-00553,20,Other,Rural,Public,Middle,3.37,2,Practical,IT Support,Moderate,High,3,Moderate,5,BS IS
A18-00554,20,Male,Rural,Public,Middle,2.35,9,Theoretical,IT Support,Moderate,Low,8,High,7,BS IT
A18-00555,19,Other,Urban,Private,Middle,2.64,8,Practical,Software Developer,High,Low,4,High,3,BS IT
A18-00556,18,Other,Rural,Private,Low,3.51,3,Practical,System Analyst,Moderate,High,6,Low,2,BS IS
A18-00557,16,Female,Urban,Public,Low,3.29,8,Theoretical,Software Developer,High,High,6,Moderate,6,BS IT
A18-00558,16,Male,Urban,Public,Middle,2.13,2,Theoretical,Software Developer,Moderate,High,3,Low,9,BS IT
A18-00559,18,Female,Urban,Private,High,2.89,10,Theoretical,Data Analyst,Moderate,Low,2,Moderate,1,BS IT
A18-00560,16,Female,Rural,Public,Low,3.09,5,Practical,System Analyst,Low,High,2,High,1,BS IS
A18-00561,19,Female,Rural,Public,Middle,2.74,10,Practical,IT Support,Low,High,6,Moderate,6,BS IS
A18-00562,16,Male,Rural,Public,High,3.43,9,Theoretical,Software Developer,High,High,6,Low,7,BS IS
A18-00563,16,Male,Rural,Private,High,3.05,9,Theoretical,System Analyst,Low,Moderate,8,High,5,BS IS
A18-00564,20,Other,Urban,Private,Low,3.01,5,Theoretical,IT Support,High,High,5,Moderate,1,BS IT
A18-00565,18,Female,Urban,Private,Middle,3.17,4,Theoretical,Software Developer,High,High,5,Moderate,5,BS IT
A18-00566,17,Male,Urban,Public,Middle,3.03,6,Theoretical,Data Analyst,Low,Moderate,6,High,1,BS IS
A18-00567,18,Other,Urban,Public,Middle,3.13,10,Practical,Software Developer,Moderate,Low,10,Low,6,BS IS
A18-00568,20,Other,Rural,Private,Low,3.52,1,Practical,Data Analyst,Low,High,4,Low,4,BS IS
A18-00569,17,Other,Urban,Public,High,3.65,9,Practical,System Analyst,Moderate,Low,6,Low,1,BS IS
A18-00570,20,Other,Urban,Public,Middle,3.76,2,Theoretical,Data Analyst,Moderate,High,7,Moderate,10,BS IS
A18-00571,19,Other,Rural,Public,Low,2.3,6,Theoretical,IT Support,Low,High,4,Moderate,10,BS IT
A18-00572,19,Female,Urban,Private,High,2.88,1,Theoretical,IT Support,Moderate,High,5,Moderate,2,BS IT
A18-00573,18,Other,Rural,Private,Middle,3.4,5,Theoretical,Data Analyst,Moderate,High,10,Moderate,6,BS IS
A18-00574,19,Male,Rural,Public,High,3.17,1,Theoretical,System Analyst,Low,Low,6,Moderate,10,BS IS
A18-00575,18,Female,Rural,Private,Low,2.32,10,Theoretical,Data Analyst,Moderate,High,1,Low,7,BS IS
A18-00576,19,Male,Rural,Public,High,2.38,5,Theoretical,Data Analyst,Moderate,High,7,Low,4,BS IS
A18-00577,16,Male,Rural,Private,High,3.96,9,Practical,Software Developer,Moderate,High,3,Moderate,2,BS IT
A18-00578,19,Female,Rural,Public,High,2.37,1,Practical,IT Support,Low,Moderate,1,High,2,BS IT
A18-00579,16,Other,Rural,Public,Middle,3.99,6,Theoretical,IT Support,High,High,8,Low,2,BS IS
A18-00580,17,Female,Rural,Public,Middle,3.97,5,Theoretical,Data Analyst,Low,High,7,Moderate,7,BS IT
A18-00581,20,Other,Urban,Public,High,2.77,7,Theoretical,System Analyst,High,High,10,Moderate,9,BS IS
A18-00582,16,Other,Urban,Private,Middle,2.55,9,Practical,System Analyst,Low,High,4,Low,5,BS IS
A18-00583,16,Male,Rural,Private,Low,3.27,6,Theoretical,System Analyst,Moderate,Low,3,Moderate,4,BS IT
A18-00584,19,Male,Urban,Private,Middle,2.99,2,Practical,System Analyst,Moderate,High,5,Moderate,8,BS IT
A18-00585,20,Female,Urban,Public,Low,3.23,10,Theoretical,Data Analyst,Moderate,Moderate,4,Moderate,5,BS IS
A18-00586,19,Male,Rural,Private,High,3.86,8,Theoretical,IT Support,High,Low,5,Low,7,BS IS
A18-00587,17,Other,Rural,Private,Middle,3.12,5,Theoretical,System Analyst,High,High,3,High,5,BS IT
A18-00588,19,Other,Rural,Public,High,3.93,7,Practical,System Analyst,Moderate,Moderate,2,High,7,BS IS
A18-00589,20,Female,Rural,Public,High,3.58,9,Practical,System Analyst,Low,High,4,High,3,BS IS
A18-00590,19,Female,Rural,Public,Middle,3.99,10,Practical,Software Developer,High,High,6,Moderate,10,BS IS
A18-00591,19,Female,Rural,Private,Low,3.46,8,Theoretical,Software Developer,Moderate,High,8,Moderate,9,BS IT
A18-00592,17,Female,Rural,Public,High,2.43,2,Theoretical,Data Analyst,High,Low,9,Low,1,BS IS
A18-00593,18,Other,Urban,Public,Low,2.44,5,Theoretical,System Analyst,High,Low,10,Low,6,BS IS
A18-00594,18,Male,Rural,Private,Low,3.71,6,Theoretical,IT Support,High,Low,7,Low,8,BS IS
A18-00595,16,Other,Urban,Private,Middle,3,9,Theoretical,Software Developer,Low,Moderate,2,Low,6,BS IT
A18-00596,17,Male,Urban,Public,Low,2.55,8,Theoretical,Data Analyst,Moderate,High,6,Moderate,6,BS IS
A18-00597,16,Male,Urban,Private,Low,2.25,5,Theoretical,Software Developer,Moderate,Low,3,Low,3,BS IT
A18-00598,18,Other,Urban,Public,Middle,3.53,6,Theoretical,IT Support,Moderate,Low,9,Moderate,9,BS IS
A18-00599,16,Male,Rural,Public,Low,2.22,8,Theoretical,System Analyst,Low,High,1,High,5,BS IS
A18-00600,17,Male,Urban,Public,High,2.87,9,Practical,IT Support,Low,High,2,Moderate,9,BS IT
A18-00601,16,Female,Urban,Public,Middle,3.88,3,Theoretical,IT Support,High,High,6,Low,5,BS IS
A18-00602,16,Other,Urban,Private,High,2.9,5,Theoretical,Software Developer,Moderate,Moderate,9,Moderate,5,BS IT
A18-00603,20,Male,Rural,Public,Middle,3.26,2,Practical,Data Analyst,Moderate,Low,5,Moderate,1,BS IT
A18-00604,19,Male,Urban,Public,Low,2.25,3,Practical,IT Support,High,High,5,Low,10,BS IS
A18-00605,16,Female,Rural,Private,Middle,3.68,1,Theoretical,System Analyst,Low,Moderate,4,Moderate,5,BS IT
A18-00606,20,Male,Urban,Public,Low,3.07,1,Practical,IT Support,Moderate,Moderate,3,High,1,BS IT
A18-00607,16,Other,Rural,Public,Low,2.69,3,Practical,Data Analyst,Low,Moderate,8,Moderate,8,BS IT
A18-00608,20,Other,Urban,Private,Low,3.77,7,Practical,System Analyst,Moderate,Low,8,Low,6,BS IT
A18-00609,20,Female,Urban,Public,Low,3.97,3,Practical,System Analyst,Moderate,High,5,Low,4,BS IT
A18-00610,16,Female,Rural,Public,Low,2.91,1,Theoretical,Data Analyst,Low,Moderate,1,Moderate,5,BS IS
A18-00611,20,Male,Rural,Public,Low,2.27,4,Theoretical,System Analyst,Low,Low,4,Moderate,6,BS IT
A18-00612,17,Female,Urban,Private,Middle,3.42,7,Theoretical,IT Support,Moderate,Moderate,8,Moderate,5,BS IT
A18-00613,19,Female,Rural,Private,High,2.76,5,Theoretical,Software Developer,Moderate,Moderate,8,Moderate,4,BS IT
A18-00614,19,Female,Rural,Public,Low,2.06,10,Theoretical,System Analyst,Low,Low,3,Low,3,BS IS
A18-00615,16,Other,Urban,Private,High,2.44,7,Theoretical,Data Analyst,Moderate,Moderate,5,Moderate,6,BS IT
A18-00616,16,Male,Urban,Private,High,2.06,4,Practical,Software Developer,High,Moderate,10,Moderate,2,BS IS
A18-00617,18,Female,Urban,Private,Low,3.39,7,Theoretical,IT Support,Moderate,Moderate,1,Moderate,3,BS IS
A18-00618,19,Male,Rural,Public,Middle,2.89,4,Practical,IT Support,Moderate,High,2,Moderate,9,BS IS
A18-00619,19,Female,Rural,Private,Low,3.37,10,Practical,Software Developer,Low,Low,2,Moderate,2,BS IT
A18-00620,17,Other,Rural,Public,Middle,3.21,10,Theoretical,System Analyst,Low,Low,4,High,2,BS IS
A18-00621,17,Female,Urban,Public,High,2.54,4,Theoretical,IT Support,Low,Low,8,Moderate,6,BS IT
A18-00622,20,Female,Rural,Public,High,2.37,8,Practical,IT Support,Moderate,High,5,Low,3,BS IS
A18-00623,18,Female,Rural,Public,High,2.28,7,Theoretical,Software Developer,High,Moderate,7,Moderate,3,BS IS
A18-00624,20,Other,Urban,Public,Low,3.29,4,Theoretical,System Analyst,Moderate,Moderate,3,High,3,BS IS
A18-00625,18,Female,Rural,Public,High,2.86,8,Practical,IT Support,Moderate,Low,3,Moderate,3,BS IS
A18-00626,18,Male,Rural,Public,High,2.67,3,Theoretical,Software Developer,Low,Low,2,Low,7,BS IS
A18-00627,20,Male,Rural,Public,Middle,3.99,4,Theoretical,Data Analyst,Moderate,Low,1,High,2,BS IS
A18-00628,16,Female,Urban,Private,Middle,3.73,9,Practical,System Analyst,Low,Low,7,Moderate,7,BS IS
A18-00629,19,Female,Rural,Private,Low,3.77,5,Practical,Software Developer,High,High,4,High,5,BS IT
A18-00630,20,Male,Rural,Private,Middle,3.27,7,Practical,IT Support,High,High,6,Moderate,10,BS IS
A18-00631,18,Other,Rural,Private,Middle,3.67,8,Theoretical,System Analyst,High,Moderate,4,Moderate,6,BS IS
A18-00632,17,Other,Urban,Private,Low,3.43,9,Theoretical,IT Support,Low,Low,1,Moderate,1,BS IT
A18-00633,20,Other,Rural,Public,Middle,3.72,2,Theoretical,IT Support,Low,Moderate,6,Moderate,5,BS IT
A18-00634,18,Female,Urban,Private,Middle,2.28,6,Practical,Software Developer,Low,Low,6,High,3,BS IT
A18-00635,17,Male,Rural,Public,Middle,3.83,8,Practical,Data Analyst,Low,Low,5,Moderate,5,BS IT
A18-00636,20,Male,Urban,Private,High,3.71,10,Theoretical,Software Developer,Moderate,High,2,Low,4,BS IT
A18-00637,18,Female,Rural,Public,High,3.44,9,Theoretical,Software Developer,Moderate,Moderate,4,High,3,BS IT
A18-00638,16,Male,Urban,Public,High,2.71,3,Practical,System Analyst,Moderate,High,1,High,1,BS IS
A18-00639,19,Female,Urban,Private,Middle,3.55,3,Theoretical,Software Developer,High,High,7,Moderate,10,BS IT
A18-00640,17,Other,Urban,Public,Middle,2.97,5,Practical,Software Developer,Moderate,High,7,Moderate,9,BS IS
A18-00641,18,Male,Urban,Public,Low,2.69,6,Theoretical,Software Developer,Low,High,9,Low,3,BS IT
A18-00642,16,Female,Urban,Private,Middle,3.64,10,Theoretical,Data Analyst,High,High,3,Low,10,BS IS
A18-00643,19,Other,Urban,Private,High,2.58,4,Practical,IT Support,High,High,7,Low,8,BS IS
A18-00644,20,Other,Urban,Public,Middle,3.48,4,Theoretical,Software Developer,High,High,1,Low,8,BS IS
A18-00645,17,Other,Urban,Public,High,3.11,9,Practical,System Analyst,High,Moderate,8,Low,1,BS IS
A18-00646,19,Female,Rural,Private,Low,3.68,6,Practical,System Analyst,High,High,3,Moderate,10,BS IS
A18-00647,19,Male,Urban,Private,High,3.4,1,Theoretical,Data Analyst,Moderate,Moderate,7,Moderate,4,BS IT
A18-00648,19,Other,Rural,Public,Middle,2.26,3,Practical,IT Support,Moderate,High,3,Low,8,BS IS
A18-00649,19,Male,Rural,Public,High,3.67,7,Practical,System Analyst,Low,Moderate,1,High,9,BS IS
A18-00650,16,Male,Urban,Private,Middle,2.94,9,Theoretical,Software Developer,Low,Low,8,High,2,BS IS
A18-00651,16,Female,Urban,Public,Middle,2.69,5,Theoretical,System Analyst,Moderate,Low,8,Low,1,BS IS
A18-00652,18,Male,Rural,Public,Middle,3.56,5,Theoretical,System Analyst,Low,High,8,High,2,BS IT
A18-00653,17,Male,Urban,Public,Middle,3.31,5,Practical,Data Analyst,High,Low,10,Low,10,BS IS
A18-00654,17,Other,Rural,Public,High,3.28,3,Practical,IT Support,Low,Moderate,1,Low,9,BS IS
A18-00655,20,Other,Rural,Private,Middle,3.09,1,Theoretical,Software Developer,High,Low,7,Moderate,5,BS IS
A18-00656,18,Female,Urban,Public,Middle,2.53,7,Theoretical,IT Support,High,High,2,Moderate,5,BS IS
A18-00657,16,Male,Urban,Private,High,2.91,3,Practical,Software Developer,Low,Moderate,6,Low,5,BS IS
A18-00658,16,Male,Urban,Private,High,3.41,10,Practical,Data Analyst,High,High,6,Low,6,BS IT
A18-00659,17,Other,Urban,Public,High,3.68,10,Theoretical,Data Analyst,Low,High,1,High,7,BS IT
A18-00660,19,Female,Rural,Private,High,2.81,3,Practical,System Analyst,High,Low,1,Low,8,BS IS
A18-00661,17,Other,Rural,Public,Middle,2.47,5,Practical,System Analyst,Low,Moderate,7,Moderate,5,BS IS
A18-00662,19,Female,Rural,Private,Low,3.28,1,Theoretical,IT Support,High,Moderate,3,High,7,BS IT
A18-00663,17,Female,Rural,Public,High,3.56,6,Theoretical,IT Support,Low,High,5,Low,10,BS IS
A18-00664,20,Other,Urban,Private,Low,3.54,1,Theoretical,IT Support,Low,High,8,Moderate,8,BS IS
A18-00665,20,Female,Urban,Public,High,3.34,3,Practical,Data Analyst,Moderate,Moderate,5,High,3,BS IS
A18-00666,18,Female,Rural,Private,Middle,2.61,8,Practical,Software Developer,Moderate,Low,6,Moderate,4,BS IT
A18-00667,19,Male,Urban,Public,Middle,3.92,6,Theoretical,Data Analyst,Low,Moderate,10,High,10,BS IS
A18-00668,16,Female,Rural,Private,Middle,2.43,7,Theoretical,IT Support,High,Low,1,Moderate,10,BS IS
A18-00669,17,Male,Rural,Public,High,2.22,2,Theoretical,System Analyst,Low,Moderate,8,Low,7,BS IS
A18-00670,18,Other,Urban,Public,Middle,3.81,6,Theoretical,IT Support,Moderate,Low,7,Moderate,6,BS IS
A18-00671,17,Female,Urban,Private,Middle,2.32,6,Practical,Data Analyst,Low,Low,6,High,4,BS IS
A18-00672,18,Other,Urban,Private,Middle,2.92,8,Practical,Software Developer,High,Low,8,High,3,BS IT
A18-00673,20,Female,Rural,Private,Low,2.39,9,Theoretical,IT Support,Moderate,Low,7,High,6,BS IS
A18-00674,20,Male,Rural,Private,Low,3.9,5,Theoretical,IT Support,Moderate,Low,3,High,8,BS IT
A18-00675,20,Other,Urban,Public,High,3.82,6,Theoretical,System Analyst,High,Moderate,4,High,10,BS IS
A18-00676,18,Male,Rural,Private,Low,3.58,5,Theoretical,IT Support,High,Low,9,Low,8,BS IS
A18-00677,17,Female,Rural,Private,Middle,3.19,7,Theoretical,System Analyst,High,Low,7,Moderate,3,BS IS
A18-00678,18,Female,Urban,Private,Low,2.24,9,Practical,Software Developer,High,Moderate,8,Low,1,BS IT
A18-00679,19,Female,Urban,Private,Middle,3.31,7,Theoretical,System Analyst,Moderate,High,3,Moderate,1,BS IT
A18-00680,19,Male,Rural,Public,High,3.81,6,Theoretical,Software Developer,High,Low,8,Moderate,2,BS IT
A18-00681,16,Female,Rural,Public,Middle,2.26,5,Theoretical,System Analyst,High,Low,10,Moderate,8,BS IS
A18-00682,17,Male,Urban,Public,Middle,3.48,2,Theoretical,System Analyst,High,High,4,Low,5,BS IS
A18-00683,17,Other,Urban,Public,High,2.93,4,Practical,IT Support,High,Low,4,Low,2,BS IT
A18-00684,18,Other,Urban,Public,Low,3.68,2,Theoretical,System Analyst,High,High,8,Low,1,BS IT
A18-00685,18,Male,Rural,Private,Middle,3.33,10,Practical,System Analyst,Moderate,Moderate,1,Low,7,BS IS
A18-00686,19,Female,Urban,Private,Low,2.91,2,Theoretical,Software Developer,High,High,6,Low,10,BS IS
A18-00687,17,Other,Urban,Public,Middle,3.54,5,Practical,Software Developer,High,Low,10,Moderate,7,BS IT
A18-00688,17,Female,Rural,Public,Middle,3.26,6,Theoretical,Data Analyst,High,High,2,High,1,BS IS
A18-00689,16,Female,Urban,Private,High,2.03,4,Practical,Data Analyst,High,Moderate,10,Low,7,BS IT
A18-00690,19,Male,Rural,Private,High,2.21,3,Practical,IT Support,Moderate,High,10,Low,3,BS IS
A18-00691,19,Male,Rural,Private,Low,3.15,1,Theoretical,Data Analyst,High,High,9,High,6,BS IS
A18-00692,16,Other,Urban,Private,Low,2.25,5,Theoretical,System Analyst,Low,High,10,Moderate,2,BS IT
A18-00693,17,Male,Urban,Public,Middle,2.72,6,Theoretical,System Analyst,Moderate,Low,10,High,1,BS IT
A18-00694,20,Male,Urban,Public,Middle,3.83,4,Theoretical,Software Developer,Low,Moderate,10,Moderate,3,BS IT
A18-00695,20,Female,Urban,Public,Middle,2.75,1,Theoretical,Data Analyst,Low,High,1,High,2,BS IS
A18-00696,19,Female,Rural,Public,Low,3.16,5,Theoretical,IT Support,High,High,2,Moderate,1,BS IS
A18-00697,20,Other,Rural,Private,High,2.41,9,Theoretical,System Analyst,Moderate,High,5,High,9,BS IS
A18-00698,17,Female,Rural,Private,Low,3.7,2,Theoretical,Data Analyst,Low,High,4,High,2,BS IT
A18-00699,17,Other,Rural,Public,Low,3.94,9,Theoretical,IT Support,Moderate,High,6,Moderate,3,BS IT
A18-00700,20,Female,Urban,Public,Low,2.1,9,Theoretical,IT Support,High,Moderate,1,Low,9,BS IT
A18-00701,20,Male,Rural,Private,High,2.23,9,Practical,System Analyst,Low,Low,1,High,9,BS IS
A18-00702,20,Other,Rural,Private,Middle,2.67,7,Theoretical,Data Analyst,Low,Moderate,10,Low,7,BS IT
A18-00703,17,Other,Urban,Public,Middle,3.45,2,Theoretical,Software Developer,Moderate,Low,6,Moderate,3,BS IS
A18-00704,16,Male,Urban,Private,High,3.24,4,Practical,Software Developer,Moderate,Low,5,Low,8,BS IS
A18-00705,18,Other,Rural,Private,Middle,2.59,8,Practical,Software Developer,Moderate,Low,2,High,1,BS IS
A18-00706,16,Female,Urban,Public,Low,2.37,8,Theoretical,IT Support,Low,Low,10,Low,8,BS IT
A18-00707,17,Male,Rural,Private,Low,2.24,8,Theoretical,Data Analyst,Low,Low,10,Moderate,7,BS IS
A18-00708,19,Male,Rural,Public,Low,2.7,10,Practical,IT Support,High,High,9,Moderate,3,BS IT
A18-00709,16,Male,Rural,Public,High,2.84,7,Practical,Software Developer,Low,High,3,High,9,BS IS
A18-00710,18,Male,Urban,Public,Middle,2.33,8,Practical,System Analyst,Low,High,4,High,9,BS IS
A18-00711,16,Male,Urban,Private,Low,3.29,7,Practical,Software Developer,Low,High,8,Low,6,BS IS
A18-00712,18,Other,Urban,Public,Middle,2.94,6,Theoretical,System Analyst,Low,High,6,Moderate,8,BS IT
A18-00713,20,Female,Urban,Public,High,3.46,5,Theoretical,Software Developer,Moderate,Moderate,8,Moderate,5,BS IT
A18-00714,19,Male,Urban,Public,Middle,2.48,8,Theoretical,System Analyst,Moderate,Low,9,Moderate,5,BS IS
A18-00715,20,Male,Urban,Private,Low,3.63,7,Theoretical,System Analyst,Moderate,Moderate,7,Low,8,BS IT
A18-00716,17,Female,Urban,Private,Middle,2.22,6,Theoretical,Data Analyst,High,High,2,High,1,BS IS
A18-00717,20,Female,Rural,Private,High,3.22,1,Practical,Data Analyst,Moderate,Low,7,Low,9,BS IS
A18-00718,19,Female,Rural,Public,Middle,3.13,8,Practical,IT Support,Low,Moderate,1,High,7,BS IT
A18-00719,16,Female,Rural,Public,High,2.74,9,Theoretical,IT Support,Low,High,8,Moderate,3,BS IT
A18-00720,18,Other,Urban,Private,High,2.81,2,Practical,System Analyst,High,Low,9,High,6,BS IT
A18-00721,18,Other,Rural,Public,High,2.06,2,Theoretical,IT Support,Moderate,Moderate,1,High,8,BS IS
A18-00722,16,Other,Rural,Public,Middle,2.55,5,Practical,Software Developer,High,Low,2,Low,4,BS IT
A18-00723,18,Male,Rural,Public,Middle,3.62,5,Practical,Software Developer,High,High,6,Moderate,6,BS IT
A18-00724,19,Other,Urban,Private,High,2.81,6,Theoretical,Software Developer,High,Low,9,Low,5,BS IS
A18-00725,17,Female,Urban,Private,Low,2.09,2,Practical,IT Support,Moderate,Low,10,Moderate,2,BS IT
A18-00726,18,Male,Rural,Private,High,3.75,5,Theoretical,Software Developer,Moderate,Moderate,2,Low,5,BS IT
A18-00727,19,Female,Urban,Private,High,3.62,10,Theoretical,Software Developer,Low,Moderate,9,Low,9,BS IS
A18-00728,20,Other,Urban,Private,High,3.23,8,Practical,Software Developer,Moderate,High,4,Moderate,4,BS IS
A18-00729,20,Male,Urban,Public,Low,3.32,1,Theoretical,System Analyst,Moderate,High,6,High,2,BS IS
A18-00730,18,Male,Urban,Private,High,2.16,2,Practical,Data Analyst,Low,Moderate,10,High,9,BS IT
A18-00731,19,Male,Rural,Public,Low,2.63,5,Theoretical,Data Analyst,Moderate,High,2,Low,10,BS IS
A18-00732,16,Male,Rural,Public,Low,3.22,4,Theoretical,System Analyst,Low,Moderate,4,Low,2,BS IT
A18-00733,17,Other,Urban,Private,Low,3.84,6,Practical,Data Analyst,Moderate,Moderate,9,High,3,BS IT
A18-00734,20,Other,Urban,Public,Low,3.78,9,Practical,Software Developer,Low,Moderate,5,Moderate,4,BS IT
A18-00735,18,Male,Urban,Private,Low,3.63,10,Theoretical,Software Developer,Moderate,Moderate,5,Low,6,BS IS
A18-00736,19,Other,Rural,Private,High,3.92,1,Practical,Software Developer,High,Low,5,Moderate,3,BS IS
A18-00737,16,Female,Rural,Private,Middle,2.23,8,Practical,IT Support,Low,Low,5,Low,5,BS IT
A18-00738,18,Female,Urban,Private,Low,2.85,9,Theoretical,System Analyst,Moderate,High,10,Low,3,BS IS
A18-00739,16,Other,Urban,Private,Low,3.99,9,Theoretical,Data Analyst,High,Low,9,High,8,BS IT
A18-00740,19,Male,Rural,Public,Low,3.35,5,Theoretical,System Analyst,Low,Moderate,7,Low,6,BS IT
A18-00741,20,Male,Rural,Private,Middle,2.96,9,Theoretical,Software Developer,Low,Low,4,Moderate,7,BS IT
A18-00742,19,Other,Rural,Private,High,3.45,7,Practical,System Analyst,Moderate,Low,8,High,8,BS IS
A18-00743,19,Female,Rural,Public,Middle,3.32,8,Practical,Software Developer,High,Low,8,High,5,BS IS
A18-00744,16,Other,Urban,Private,Low,3.3,10,Practical,Software Developer,Low,Moderate,4,Moderate,2,BS IT
A18-00745,17,Other,Urban,Private,Low,3.57,4,Theoretical,System Analyst,High,High,4,Moderate,7,BS IS
A18-00746,19,Female,Rural,Private,High,3.13,4,Theoretical,Software Developer,High,Moderate,4,Low,10,BS IS
A18-00747,17,Male,Urban,Private,Low,3.3,2,Theoretical,Data Analyst,High,Low,5,Moderate,8,BS IS
A18-00748,16,Female,Urban,Public,Middle,3.9,4,Practical,Data Analyst,Moderate,Moderate,2,High,8,BS IS
A18-00749,19,Other,Urban,Private,High,2.2,9,Practical,IT Support,Low,Moderate,4,Moderate,7,BS IS
A18-00750,20,Male,Rural,Public,Middle,3.84,9,Theoretical,System Analyst,Low,Moderate,2,Low,1,BS IT
A18-00751,16,Female,Urban,Public,Low,3.6,4,Practical,Data Analyst,Moderate,Moderate,2,Moderate,2,BS IS
A18-00752,17,Male,Urban,Public,Low,2.34,9,Theoretical,Data Analyst,High,Low,2,Moderate,8,BS IT
A18-00753,19,Other,Rural,Public,High,2.88,2,Theoretical,Data Analyst,Low,Low,9,Low,2,BS IT
A18-00754,20,Male,Rural,Public,High,2.7,7,Theoretical,IT Support,High,Low,1,Low,2,BS IT
A18-00755,17,Female,Rural,Public,High,3.68,4,Practical,Data Analyst,Moderate,Moderate,8,Low,10,BS IS
A18-00756,17,Male,Urban,Public,High,3.37,6,Practical,Software Developer,Low,Low,2,Low,4,BS IT
A18-00757,17,Female,Rural,Public,High,3.04,9,Theoretical,IT Support,Low,Moderate,10,High,9,BS IS
A18-00758,16,Other,Urban,Public,High,3.79,2,Theoretical,Software Developer,Moderate,Low,8,Moderate,7,BS IS
A18-00759,17,Male,Rural,Public,Low,2.12,10,Theoretical,IT Support,Moderate,Moderate,1,High,9,BS IT
A18-00760,19,Male,Urban,Private,Low,2.73,9,Practical,Software Developer,Moderate,High,2,High,7,BS IT
A18-00761,17,Male,Urban,Private,Low,3.9,4,Practical,System Analyst,Moderate,High,7,Moderate,6,BS IS
A18-00762,20,Female,Urban,Public,Middle,2.03,9,Practical,Data Analyst,Moderate,Moderate,6,Moderate,10,BS IT
A18-00763,19,Other,Rural,Public,Low,2.1,9,Theoretical,Data Analyst,Low,High,5,Low,4,BS IT
A18-00764,18,Female,Rural,Private,High,2.34,3,Theoretical,IT Support,Low,Moderate,6,Low,2,BS IT
A18-00765,17,Female,Urban,Public,Middle,2.62,8,Theoretical,Software Developer,Moderate,High,6,Moderate,8,BS IS
A18-00766,19,Female,Urban,Public,Low,2.91,3,Theoretical,Software Developer,Moderate,High,8,High,10,BS IS
A18-00767,18,Male,Urban,Public,High,2.45,9,Practical,IT Support,Moderate,High,7,Moderate,4,BS IT
A18-00768,19,Other,Rural,Private,Middle,2.7,4,Practical,Software Developer,Low,Low,2,Low,2,BS IS
A18-00769,16,Female,Rural,Private,Low,3.45,7,Theoretical,Software Developer,High,Moderate,4,High,6,BS IS
A18-00770,19,Female,Urban,Public,High,2.71,6,Practical,Data Analyst,Moderate,Low,8,Low,7,BS IT
A18-00771,16,Male,Urban,Public,High,2.68,7,Practical,System Analyst,High,Low,10,High,5,BS IS
A18-00772,16,Female,Urban,Public,High,2.31,8,Theoretical,IT Support,High,Low,9,Moderate,9,BS IT
A18-00773,18,Male,Rural,Public,High,3.21,7,Practical,IT Support,High,Low,3,High,6,BS IS
A18-00774,20,Female,Urban,Public,High,3.02,3,Practical,Data Analyst,Moderate,High,9,Low,9,BS IS
A18-00775,17,Female,Urban,Public,High,2.18,8,Practical,System Analyst,High,Low,10,Low,2,BS IT
A18-00776,16,Female,Urban,Public,Low,3.91,2,Theoretical,Data Analyst,High,Low,10,High,3,BS IT
A18-00777,17,Male,Urban,Public,Middle,2.11,5,Theoretical,IT Support,Low,Low,5,High,1,BS IS
A18-00778,16,Female,Urban,Public,High,2.54,4,Theoretical,IT Support,High,High,6,High,8,BS IS
A18-00779,18,Other,Rural,Private,High,2.89,10,Practical,Data Analyst,Moderate,Low,4,High,8,BS IS
A18-00780,17,Other,Urban,Private,Middle,2.6,5,Practical,IT Support,Low,Low,4,Low,2,BS IT
A18-00781,19,Male,Rural,Public,Middle,2.69,7,Practical,IT Support,High,Low,3,Moderate,9,BS IT
A18-00782,18,Male,Rural,Private,High,3.51,5,Practical,System Analyst,Low,Moderate,4,Moderate,6,BS IS
